id,first_name,last_name,job_title,email,account_id,lead_id,created_at
7a07f031-af10-4d6b-ad01-438e7471a214,Amy,Huffman,Operations Manager,amy.huffman@yangromero.com,3bedfbff-aa78-4de7-b44b-25a000a1e3a6,056d1506-427d-47c7-9d09-bed617869625,2021-06-06T01:23:43Z
8366a941-b487-4ac5-9f40-01cca27bc14f,Pedro,Hernandez,CEO,pedro.hernandez@pricerodriguezandmorton.com,d496b628-c03c-4405-8844-8fcfa0576c7f,e3cf3970-86b5-42ec-b1e6-9d520ba3b4d4,2021-09-21T03:20:08Z
fc4c4e9c-052c-4eb5-ab1c-1d62d0b3b853,Justin,Wood,IT Director,justin.wood@robertsonandsons.com,3deda926-5e29-49c1-8571-9adcb0585bcb,7c9cfdd6-191e-41ba-abc1-313b92efa6de,2022-02-03T11:33:53Z
86415932-5cad-4c42-ba38-977de02cf5a7,John,Wright,Administrative Assistant,john.wright@hickmaninc.com,7aa64fd8-56de-4971-b5af-a4324630418a,9e67c743-c176-4e71-b366-c0d313d87cd8,2022-02-08T22:51:51Z
f680c379-cb0f-4bac-a9b7-486c18dd7905,Andrea,Garcia,IT Director,andrea.garcia@andersonchapman.com,a09c1f08-5dfa-4aad-a7d2-77b7330bceb1,46c81da7-49b5-4e57-ac98-8e41a8f882d6,2022-01-19T09:03:11Z
b239fab5-a7bf-4915-8e02-0619c3152120,Matthew,James,IT Analyst,matthew.james@schwartzllc.com,75c07fc1-b9cd-4af5-a392-d3fc4245f316,f41c7ca2-5dbb-497f-868b-5ff9122f49ed,2022-02-05T23:23:18Z
b063cea5-2db4-48cc-bfd4-5303f8ae05e1,Kelly,Day,IT Analyst,kelly.day@johnsonyoungandcruz.com,6086d7e5-7ba6-45ac-8da6-bdc691f6cbdf,c1eabfa6-2f25-4a37-850c-4465b919fbdf,2021-10-03T04:56:37Z
ab678650-fd03-4223-97bf-83da54dd43a8,Daniel,Parker,Director of Operations,daniel.parker@robinsonkirkandcooper.com,a63cb611-2414-47ce-a9b2-41135d813ff7,90e45488-5934-4a21-a9e8-ae9a4a07b719,2021-07-28T16:51:25Z
581bd86b-cab0-498e-a3dd-8838a177f3d4,Roberto,Smith,IT Analyst,roberto.smith@fordberryandsmith.com,98c6520b-2e3a-4032-8973-11b757530fd7,6c011da6-34ab-4010-b37d-d70c188369cd,2021-09-07T00:14:47Z
ccf4c3e0-db23-4f14-8d1a-dfa63d2efceb,Gwendolyn,Stephens,IT Analyst,gwendolyn.stephens@myersmartinandgross.com,9ab582ec-f45a-46f4-b133-96291ab2e8e1,bea8549b-0eac-42a9-ae8c-aa39fcab3c3f,2021-08-14T12:17:40Z
b27329a7-9811-4faf-8da3-ac68e7e86fa7,Courtney,Hernandez,CEO,courtney.hernandez@harrisonplc.com,bc65a456-6f1b-4a17-9b61-dbf58cbe548f,d751015d-d287-4c1c-b7d3-38b35ad9cbb3,2022-01-01T05:52:24Z
dc9603e7-9cfa-4fa7-9f6c-002b10319034,Katherine,Williams,Director of Operations,katherine.williams@huertarichandsullivan.com,334dc4dd-99aa-49ea-acff-95ff7e32113b,9d3776b2-18f6-489a-afad-940852e1834f,2021-08-19T10:20:42Z
04d85326-2660-4ab8-8d20-fb5cf494816c,Alicia,Barker,Owner,alicia.barker@martinezsmall.com,39e3f40e-c712-470a-af45-e32c02735187,638a9ee3-c159-4a85-ae8e-7854bbdb293e,2021-06-03T16:29:19Z
2345f3b6-e3e7-407b-8b49-5fca5b850a6b,Audrey,White,IT Director,audrey.white@olsonltd.com,f6604a7f-eef6-409e-ab1d-6643d4cc150c,e9daa6ea-0c30-48ca-8446-f224e6893588,2022-03-11T08:14:13Z
5d1e1c11-f08f-4d25-bff7-0a6d9c0d315a,Valerie,Poole,Manager,valerie.poole@rodriguezscott.com,2dabb9e5-1b42-4122-a021-8851ded95c4b,32e27110-147b-4f7c-95ee-143849b6c435,2022-02-25T03:28:22Z
c362605c-0284-4da8-91c1-ce1fe788e868,Hannah,Green,CEO,hannah.green@millerpeterson.com,7570af0a-da86-4c36-b6c9-c63b155c12fe,64be8a7e-ce2e-4d2c-8053-fb716e2462eb,2022-01-02T17:50:05Z
f2d39ded-d321-45b5-bb0e-646bdc5e3fdd,Natalie,Snow,IT Director,natalie.snow@orrinc.com,b71d23ce-815b-409e-b4f0-2884feb34eb5,0387289a-83b8-40cd-9721-972e23b57de9,2021-09-06T21:55:00Z
73ec452a-c575-4315-986b-4fabe9e239d1,Daniel,Hicks,Operations Manager,daniel.hicks@fieldswellsanddiaz.com,a497b8f1-fe95-4e5b-a1d6-a95179625c33,08db3ffa-9a6e-428f-b00b-1fb5d685ba6e,2021-09-16T18:21:26Z
5f6b98ff-682e-4c56-b9c2-fe24297f1375,Lucas,Hernandez,Owner,lucas.hernandez@hendersonmooreandwilliams.com,0cde21b8-3073-44fb-bd3e-3fae17d7607c,9c3dbf5b-6c60-4c66-b2a3-e725a3946a30,2021-12-11T05:53:46Z
4d103cd5-10aa-4be1-bfc3-b319df73c668,Keith,Wells,Fleet Manager,keith.wells@sandersmartinezandcross.com,fcd7aaf4-c6c5-43d2-887b-25642c8505f4,007bcc80-5d96-4007-bf17-f5a57ff05096,2022-01-03T02:29:39Z
90b9b905-d035-4412-9db4-fa8dfb23629f,John,Ross,IT Analyst,john.ross@stephenssmallandhernandez.com,a5eaf92d-8fd8-4919-af70-861d55772da0,8f22548a-db98-466c-8d10-38ffc6db35f3,2021-09-29T07:09:55Z
a7e70fd0-d5f5-45a9-8265-01b6b4353fff,George,Chung,Director of Operations,george.chung@graywyattandweeks.com,6c101d00-7992-40bf-8630-8861698e535c,48731197-daa3-41d8-9656-b4fcfd1b9228,2021-08-15T19:55:17Z
afc64d25-fc6e-445f-b7e5-6806ab8b5073,Aaron,Terry,Manager,aaron.terry@caldwellewing.com,32d9d36d-8bb0-4d65-a510-653ece9f60e9,22f0d5f0-bb47-4b16-8032-d60bcd9c15b0,2021-06-19T17:22:00Z
f732b504-5c64-45b0-87b7-2700c4a326c0,Kristin,Young,IT Analyst,kristin.young@collinsltd.com,300a2211-6087-4e88-887c-de1472b8c772,627182d9-91d4-46d9-bc38-89dbaaaf35ff,2021-10-07T20:11:40Z
a8114e53-edd3-426c-9281-53951be5e222,Gabrielle,Mcguire,Technician,gabrielle.mcguire@lopezplc.com,e8e750f1-cea1-4602-93a3-9cc56abb2a01,2e6dad4e-edad-4d2a-9e13-827e8fe32fbd,2021-06-13T16:15:05Z
b2179e18-877b-4ebd-bb46-5036edd5a8bf,Nancy,Arellano,Driver,nancy.arellano@wilkinsonllc.com,68c976ec-7128-4cff-ab06-126710b7f30e,3db71d41-f578-4986-ad06-1865cc922138,2021-05-26T21:20:30Z
675c32da-b9c5-44af-8b3e-7bef5fc3183e,Jacqueline,Massey,Owner,jacqueline.massey@watersdavis.com,eb29f438-9a20-41d1-a024-c9a7abc3f00b,e4921ca0-45a9-4020-bdb5-62614117230b,2021-05-11T14:22:57Z
84ac34b3-8c88-4660-8e57-0f935e07c672,James,Pineda,Driver,james.pineda@scottphillipsandacosta.com,241efe57-c6cf-4468-a6c0-b5e5d2af8a02,6d466e74-ef51-4e87-bd13-53f515209759,2022-01-16T06:42:41Z
7760b7b8-006c-4261-a502-e9e11867c5f0,Kevin,Smith,Driver,kevin.smith@dunnmcguire.com,a7798ee5-00ce-4a78-ac61-c7fc9e8d8f51,0590bf15-ca85-4ed0-aaf2-c5f6688c4c92,2021-07-13T02:36:58Z
a504f69f-0364-4f32-acb7-088c720df50f,Savannah,Mcdonald,Director of Operations,savannah.mcdonald@chavezhartmanandowens.com,938fff73-3e10-4ae1-95cf-47ce01f5ad16,7dad90be-0426-4867-9136-ca570bc7fb34,2021-12-15T02:53:47Z
1a79a457-7746-4dcf-8a4e-82b85e832895,Martha,Fritz,Technician,martha.fritz@sullivansmithandgeorge.com,10c14682-461c-415c-b179-e769c022367f,9ce15a05-7b78-4e7b-a914-654aa5746e58,2021-06-10T04:37:02Z
674366b8-9414-47eb-9f8d-7c1c4a280992,Erin,Peters,Manager,erin.peters@alexanderllc.com,e9b763a0-38f3-4d65-9792-8ca63e2254e5,d3129341-eeb6-4a59-a04e-cc306ddf888e,2021-07-26T16:41:24Z
965f3637-181e-4172-b933-5e3a751ee585,Caitlin,Cooley,Fleet Manager,caitlin.cooley@housemarquezandmckenzie.com,feffa969-4aa8-4b19-96c7-0fed622a7433,0c4bba6f-ea4d-479d-9bcb-4baec7732cc8,2022-01-30T12:01:03Z
67c4a7f7-21ef-471b-a8f7-d18780d46298,Kara,Smith,IT Analyst,kara.smith@websterrichards.com,d69b8a58-3d85-493c-a468-e247b4cd7ce9,ef33acd3-d37a-4b23-b276-4aaecab200ee,2021-05-26T09:52:27Z
72491f22-39fd-4643-86b7-401fc86b7124,Benjamin,Davis,Driver,benjamin.davis@hughesgroup.com,4f2d815f-c91d-4b5f-ad1e-be0b7ab37d3e,ef22abc1-22cc-44ba-be07-f5ea2e971f11,2022-01-17T03:00:12Z
473c881f-afa3-48f1-b1c1-839e66377f57,Bryan,Bauer,IT Analyst,bryan.bauer@elliottinc.com,8bd39c54-5bf7-4c6c-9d2e-91ed7fc96c34,5711c2ab-3d98-41c0-9bb4-74f0bfaa1dc4,2022-03-21T14:44:48Z
9f2aad14-ac77-49dc-9b7c-55fbe8638314,Christopher,Duncan,Driver,christopher.duncan@walkerrosalesandlopez.com,15e3d171-6fc0-41a1-8f32-0ad6d3b58a51,2c1bc363-cca0-440b-931b-668c806a68e1,2021-08-09T16:05:03Z
17cf5c34-2f5a-4099-9f73-335659b167cf,Justin,Wilson,Administrative Assistant,justin.wilson@brownllc.com,5384dc48-8a0e-4d84-88e2-cdaafc51c17f,da788a64-d69c-457f-80b8-380c8434b2b0,2021-07-18T08:00:05Z
7bc2751c-ad98-4db0-ac71-4de69fe51a14,Diane,Nash,IT Analyst,diane.nash@silvacarter.com,dfe51083-ab5d-45ef-af0c-1c6c10aa8436,b3df21e1-1579-4d30-a34b-f28f5d88e97e,2022-01-27T17:26:42Z
2598ffe0-903d-4798-b1cc-367253458d4c,Virginia,Roberts,Administrative Assistant,virginia.roberts@morganwilliams.com,70c31993-35f1-4b2a-bffa-6ca4e31d4372,f0c1f7ed-2b78-44f1-89aa-31418ff61734,2021-08-17T20:19:55Z
26d53e19-1e8e-451d-b84a-2f29982e42f0,Julie,King,Technician,julie.king@ayersltd.com,46f9b01c-b9c5-4348-9335-d8ce8395a92a,82b4b415-fe77-4832-b405-7cf6de4138cf,2022-04-06T00:55:05Z
0d3fc53a-2347-41be-8356-207f9977ece9,Cynthia,Smith,IT Analyst,cynthia.smith@christianboyer.com,59a58faa-4a6d-44cc-a55e-a85ca9a39ccc,7f492124-10d4-47c9-b70a-545ee09a680a,2022-01-10T15:07:41Z
aa1746db-3be3-4d04-aef1-56af8d9cee38,Dustin,Davis,CEO,dustin.davis@adamsharrisonandfisher.com,b4bbc1dd-c90a-4952-baa6-4231b5063c26,34f7b266-5b44-4b66-a004-b98f4760f156,2021-06-17T03:51:16Z
81eb74f3-cceb-4694-804c-9be9d64eedf8,Mark,Miller,Director of Operations,mark.miller@hamiltonmooreandwright.com,fd5f05e9-f48b-4c09-bc81-9378f18ea117,c0c2332f-6fb2-4905-a73d-fad73808e0f8,2021-11-24T03:36:27Z
542bc2f3-3256-4715-9f30-376948c50d44,Kyle,Young,CEO,kyle.young@guzmanmorales.com,0111fdf9-9dfa-415c-bed6-dc515202c38f,90fe7e5b-087f-4ef9-9dab-b7d9dcbd2a9a,2022-02-13T22:25:34Z
d98494cd-021b-41a7-adac-013a3e99dd6a,Chad,Gregory,Administrative Assistant,chad.gregory@santosbrewerandgilbert.com,a3704a0e-0937-4e88-882f-0c1450915fcb,6b00a3c4-1c29-4fc3-9377-e1d4e1cbab5b,2021-07-29T13:50:49Z
29ef34b6-9ad7-497a-986a-9261380046c0,Thomas,Washington,Driver,thomas.washington@chapmansmithandscott.com,c0e6cccd-6bac-406a-8c6e-84d44402c7aa,5b384de4-ea06-47b2-bc09-5306216e355e,2022-03-02T02:39:08Z
0749f30c-a7eb-4e0f-bed8-36fe21eef1aa,Shannon,Patterson,Driver,shannon.patterson@bestjohnsonandcalderon.com,fef342bd-811c-43c7-8fd3-dba184f0ce26,eb575ae7-1758-41c9-b333-d0138ec1025f,2021-12-27T14:37:01Z
591620dc-b852-449a-8efa-c8ec4d1775fb,Michelle,Owens,Driver,michelle.owens@morrishart.com,8a42e737-6f9f-4c72-aefd-f35de2c2bb6c,fb0bcec0-9fee-41fb-92ac-585502793843,2021-06-19T02:10:02Z
4fc9baf5-080b-4b33-af83-d9df65b6987d,Maria,White,CEO,maria.white@burnsplc.com,8a878a9b-01ef-4415-9c1b-5d8929d99b65,7181d062-7f53-4ea9-a550-e9e24e632b59,2021-08-25T00:21:22Z
85baff07-c355-413c-b0bc-e0603227c3ae,William,Evans,Director of Operations,william.evans@haasvasquez.com,7c7f4466-c0d0-414d-91bc-1e5dff76768e,4f14f53c-3b0b-4f04-a63b-d5651d53c93b,2021-06-16T21:51:10Z
e3a7ecf5-70f4-4bc1-b873-4d9ad230138a,Walter,Wells,Manager,walter.wells@sandovaloliver.com,7cdf83ad-7507-48de-abfc-651429410ebc,9adb2390-bb26-4d00-a611-100580478feb,2022-01-10T14:51:28Z
b322eca1-4ed3-4764-af83-f2daff1c50a6,William,Alvarez,Operations Manager,william.alvarez@vincentharris.com,99b2f1b3-499a-4923-a926-50a67adfa96f,76da9441-d8da-484a-b0aa-19744414a1f9,2021-05-06T03:47:37Z
32299c40-775c-4d92-b4fb-7b2a56bd0b3c,Stephanie,Oconnor,Director of Operations,stephanie.oconnor@davisbrownandkennedy.com,e9b3f6bd-5823-4164-b5ae-c10103a9dc28,a72e170d-6690-49e4-b708-664b368652ac,2021-05-02T01:33:29Z
0f748023-6a6f-422d-a007-2c1261422f24,Jared,Peck,Fleet Manager,jared.peck@hughesperkinsandduncan.com,4b0c3e5d-4b3b-47a3-b142-1985fd2a0376,0269125b-9b87-49e7-b4bd-fafeb833ae74,2021-11-16T21:01:10Z
1203c06b-3837-4926-a565-d53c657d7c73,Amy,Lewis,IT Analyst,amy.lewis@nealandsons.com,1584a027-f1f4-4c96-a61d-38c8efadb685,0931f4cb-e6ae-4e19-8d06-45c87afefa85,2021-06-18T02:08:26Z
0a415dfb-4e9f-430a-b3b4-9617d4356c5b,Thomas,Mclean,Director of Operations,thomas.mclean@griffinllc.com,88cbb26f-5542-4146-9a74-de45a5a17399,121144a9-9d48-482c-b437-53f6524cc11b,2021-08-30T17:31:56Z
f031d7f6-6a7f-43d2-807f-711eefad0461,Michael,Cabrera,IT Analyst,michael.cabrera@silvasanders.com,686a258c-719b-41f7-bb43-22fbf071433a,b1957a48-5fd7-4320-8ba7-7bb6d3be29b5,2021-11-10T08:15:29Z
ab20554e-cd25-46e5-964f-4b340faf3991,Crystal,Green,CEO,crystal.green@arnoldinc.com,3dca0a8e-4446-447c-9858-c3381aded6e0,c44e9e5b-c446-4594-8ce2-2fe422254d1f,2021-12-18T20:42:13Z
ba77e3e1-760a-4d93-883e-516827200830,Marc,Sandoval,Technician,marc.sandoval@washingtonwilson.com,8ad776fe-abf1-4ad2-8d02-5add336bb84b,80c6ffb6-af49-4f2c-a036-ea414bec399b,2021-06-04T02:14:35Z
1c705c9c-78e5-44d7-8fe2-698f31cd434b,Misty,Miller,Fleet Manager,misty.miller@mendozawatts.com,25a91186-2cf7-4c2c-a107-172f256c5532,bd80d91c-8ec1-49d4-859c-9a5c99564ab1,2021-07-01T10:22:05Z
769266c2-e958-41cf-9a5a-aa50e573292d,Jacob,Gross,Technician,jacob.gross@millerdiazandgraves.com,6251a45c-81c2-47f1-8295-6aee0689988f,f78b0622-e43e-49a2-bc78-7dce21a4f16a,2021-05-05T02:27:56Z
2fca7cae-1485-49ed-b736-2a872947d1fb,Frederick,Murphy,Operations Manager,frederick.murphy@vaughngarcia.com,6e9cf8e7-1925-49ad-b24e-06722f049c2c,4af7f23b-7fba-4a5c-ba6c-8aa4b004cda9,2022-01-11T05:08:15Z
0da30c8a-5bea-45aa-bf10-76d723dc6a70,Justin,Cox,Operations Manager,justin.cox@colemanbrandt.com,13acf1f7-cce0-4dc2-8149-99d5831427a8,329c7db7-a4c8-438c-8c23-0c50b66e83a2,2021-09-13T14:35:30Z
097bf303-1d1c-4f58-b261-bc449e9a700b,Rachel,Robertson,Manager,rachel.robertson@carrollandrewsandjohnson.com,38778397-bbf7-4656-89c8-77e6006edfc3,feb0169a-5615-4d46-99f0-60b662becb33,2021-11-07T20:30:23Z
87e79753-654b-4ad0-9b15-7b1b367ac58a,Jessica,Lawrence,CEO,jessica.lawrence@doyleinc.com,b19e074b-91c0-4676-9929-c81d1d04c181,ce83c518-394b-48af-8453-1d80b088a08f,2021-11-12T02:35:47Z
51e3d06b-ffb9-4cda-a797-421abdfbce99,Michele,Anderson,IT Director,michele.anderson@archerjordanandporter.com,7b4701c1-d13d-439a-8cff-f8426b6123e2,215f4a81-bdf1-4e51-b270-6a3902ab6024,2022-03-04T22:00:41Z
89fe5dff-ce68-407d-90d2-41bbf7f16492,Veronica,Hobbs,IT Director,veronica.hobbs@grantbergandadams.com,c4d562b5-fa71-4bb4-8895-5e21490716fe,3a093a28-7813-40ca-8b36-6eef92a803fe,2021-05-08T16:51:46Z
fc2cf175-535d-4e9e-973e-324e23130490,Teresa,Perez,Fleet Manager,teresa.perez@maldonadocurtisandallen.com,ba87b17c-0c32-42b1-8821-a7c6a06af616,ebefc96b-a299-4161-9b71-244633f9ac86,2021-12-11T08:44:07Z
8f2d86f1-da1a-4038-9279-9c9935bf33d7,Blake,Garcia,IT Analyst,blake.garcia@hortoninc.com,a041be7a-8a2c-4eb9-9ae2-e1a507cb7789,471256ef-bb2e-4196-8425-edbf9f841113,2022-02-09T10:57:54Z
1fd32245-67e2-4595-a1fc-b4b6c4de5604,Preston,Johnson,Manager,preston.johnson@rasmussenltd.com,a8e13790-db63-4e21-99cd-c17251711692,89fcf8ce-480b-434f-be1b-acea15f0751e,2022-03-23T14:28:05Z
d97e7b09-8de6-4970-8946-b26014af6974,John,Armstrong,Administrative Assistant,john.armstrong@bakerreyes.com,5e9a0f38-ba2a-49c5-9517-98dd183bbbfe,1cf0da9d-41ca-42ee-aace-c907f051802b,2021-07-26T02:02:14Z
39e06d7a-f4b6-439c-bd1b-e9f9c656ae1f,Hector,Ware,Administrative Assistant,hector.ware@ramirezrobbins.com,6a1eeb6e-1abe-40c3-b867-238bea609f51,49811e75-288e-45a6-b73e-60dd96f0a57c,2022-01-20T20:17:01Z
cf2b80f5-d2ac-4fca-94f0-9dddfdcd139e,Michael,Brown,IT Director,michael.brown@aguilardavisandsnyder.com,f838b3ae-cdce-48cc-91b0-854c2aa39706,a423f6e7-0a67-421d-9235-a3338dcba2fb,2022-01-29T03:23:16Z
1b837572-8c04-458d-9513-7fe81f3ebeee,Ashley,Richardson,Fleet Manager,ashley.richardson@hoffmanandsons.com,574b0196-afa2-45f8-9a7b-ae7fb3a5a9eb,d6b96cf6-c651-4003-8617-13a2964e0c50,2022-04-07T22:43:39Z
d22cea79-0705-44eb-bd90-a5df0dbdf3e2,Nichole,Chambers,Owner,nichole.chambers@fernandezandsons.com,dc99c586-a130-4124-90ea-6925305064b0,103c7ce4-2b81-453d-a3a9-66269aa8c20d,2022-01-14T10:21:38Z
6e3f88b0-a0cb-4de9-9e25-70d86e742bf5,Ashley,Black,CEO,ashley.black@crosssanchez.com,41f898b1-4ae8-4ed6-b08c-3b203b906390,6e6d7715-ff21-43e4-b108-a241b77cc3a0,2021-11-28T11:08:32Z
489ae454-927c-4383-80b8-d01c3d585117,Cynthia,Miller,Administrative Assistant,cynthia.miller@woodardperkinsanddavid.com,65ac8a56-e191-4fb1-a506-9dcc13dd8da1,5df4ed0c-0599-4fd0-987d-2adc2ef37bd1,2021-07-12T18:29:35Z
f3c5f925-beb0-49dd-922b-2d1d47933ec6,Misty,Espinoza,IT Director,misty.espinoza@wilsonburton.com,4120dbba-ad53-4643-a5f2-fb51ff9ad595,f107010e-3a9f-4764-a864-6c9e292add69,2021-12-04T07:33:37Z
f56f6438-8839-4619-a9a5-423490e16ebb,Willie,Medina,Manager,willie.medina@smithgibbsandjohnson.com,335107c1-6b35-4a1b-883d-9e4436deeef4,93f84f2d-f657-4309-bf71-858c70886841,2021-06-29T01:25:14Z
e60ca743-e193-4798-bc21-6f3ecb953ee1,Drew,Cunningham,Manager,drew.cunningham@hardyfowlerandlynch.com,7ffa340d-2e70-4287-af77-cfdc8d220cd7,bca5bfaa-7ed3-40cf-9d27-edf3d64aaac8,2021-06-06T23:34:37Z
d21e2597-2dcb-4a23-93d0-2dca5ffc97b2,Dean,Parker,Administrative Assistant,dean.parker@nortonwalsh.com,f8f22d9e-22b4-4b75-bc2a-f36a4335a01c,62f99ecb-9108-4978-a81b-103e33f6fdd7,2021-07-01T05:57:21Z
777dd25b-d478-48ec-a012-a957232d3be5,Jessica,Padilla,CEO,jessica.padilla@gomezroberts.com,3734feb9-e274-4456-89ff-f30c1a555f51,769f4a4a-b5fa-453d-8edb-df1bfcd354ae,2021-07-17T01:45:56Z
a668fa86-b59c-4a7a-9e9f-99891429f08f,Haley,Austin,Manager,haley.austin@smithjohnsonandhines.com,a96380b7-b190-4004-8488-d5357d4be451,8cc4710c-b214-40d9-9b74-2dfb7a2104fb,2021-05-25T20:29:13Z
9d178204-f6f7-4d25-8ec1-a351157197b9,Joseph,Ward,Director of Operations,joseph.ward@rogerssaundersandleach.com,12432a78-434c-48cb-9caf-407444be17c1,dda662ed-4e4a-40cb-80e5-49731464ad2a,2022-02-07T02:53:37Z
15f3f9c7-e60b-4eb2-b783-0b4c9aa96943,Jason,Levine,Manager,jason.levine@jacksonjohnstonandmurphy.com,7df5e91b-1c86-4672-8925-e197c9f98594,64d12019-b201-45b4-b201-5994ba7d4e67,2022-02-20T16:04:27Z
290bb31f-a418-4119-89d4-429d345fee1b,Teresa,Coleman,IT Analyst,teresa.coleman@cookwilson.com,691abaee-5ab0-4a0f-9890-1abd54ab5183,c7b2104a-7344-46e6-9c54-a1b133b53713,2021-06-11T08:19:40Z
a3bc216b-1b7f-4166-aaf4-d34e654f3558,Diana,Wilson,Administrative Assistant,diana.wilson@smithanthonyandspencer.com,68bae430-9345-4c86-a4d5-94910d634333,57cb2369-441e-45f1-9ee5-857985d178f5,2021-10-24T01:04:04Z
ec45b322-6433-4daf-af0b-3511fcc42801,Joshua,Forbes,Driver,joshua.forbes@allenwilsonandgray.com,b70f0e75-c3d0-45fb-bf32-680f6f94dbd9,5506d737-9466-4d5f-b0c0-809de7397601,2021-08-30T09:57:48Z
c5391a59-ee45-4a8d-961e-f9be7035efaf,Philip,Dominguez,Administrative Assistant,philip.dominguez@kelleyllc.com,1358bc0d-aa05-4367-8cfa-0b7503e8400e,69b5207a-1e41-4371-8b99-9fc90073994a,2021-10-21T19:40:03Z
edb85298-a1c1-49f7-a6ee-cd1211e66257,Kristine,Moon,IT Director,kristine.moon@espinozatranandjones.com,8d76deab-7119-45f5-bf56-d7ed3d8ee729,ac11185f-b865-42a5-897e-393420932edd,2021-08-17T09:27:37Z
9fbc0e67-0a67-4fd7-854f-3a6962adc54d,Jennifer,Sanchez,Director of Operations,jennifer.sanchez@woodavery.com,49d6b626-2b4b-42cf-8322-e96e61536c0d,3b5329c5-61e1-44c1-8798-2ccbe8d0f9af,2021-10-24T17:45:19Z
ff5a4ce6-d466-447c-bda7-2d2905925e99,Jessica,Valdez,Director of Operations,jessica.valdez@riveraschroeder.com,687c2493-57df-4484-8396-33ac6ae3bee8,dab0c6c2-7785-4f2c-b464-64d40f6ed199,2021-08-07T07:25:32Z
31714aa4-4bd0-4572-b350-14c3b79f6837,Robin,Lewis,Owner,robin.lewis@leeabbott.com,dca0daa3-56b3-49c5-b92b-e98f8b60a040,51ddfdfb-bf0c-4993-9bee-62271c78d70a,2021-11-13T14:08:49Z
1c6c87ea-2c7c-4dda-bd01-6aa6b7255296,Timothy,Smith,IT Analyst,timothy.smith@castrobakerandfloyd.com,26cf812c-3535-40d7-afab-fd8593a09eca,ceb2f677-8d45-433c-b3f0-46d306f1f39b,2021-08-27T14:34:35Z
c8bb1e83-e727-4506-94e4-99726993c00c,Mike,Bennett,Fleet Manager,mike.bennett@williamshowardandprice.com,f0b89e70-74fc-4f3f-ba64-a761b0f9739e,3dd6ae86-2a48-42df-bbf7-32346595222c,2021-12-10T09:42:01Z
66283b0e-57c5-4888-aa45-607ee9995286,Melanie,Jensen,Administrative Assistant,melanie.jensen@garrettwaters.com,359003a6-f6a0-40ef-842c-e5f9cd24163a,4491a76a-2822-4d89-b2c6-b76a37081df0,2021-12-04T00:55:12Z
b21fdf81-f04f-4023-8b5e-9d2af2e542ae,Michael,Anthony,Director of Operations,michael.anthony@ellisongroup.com,3ecef2c7-0059-40a5-9e4f-bfa1f4f6619c,cd322f70-e1b5-4ebd-9a56-a35bc6177870,2022-01-10T13:46:58Z
4ace109e-5f3d-4d3a-9374-33133defd54e,Jacqueline,Conway,Administrative Assistant,jacqueline.conway@melendezinc.com,558f78f6-8273-48b2-932c-36ef5743eefd,f94c1ac6-d5e4-46a8-a033-7879e2cb259a,2021-09-09T08:12:53Z
a7034d8e-47cf-49f3-af04-f89180f0ee4b,Jason,Logan,Technician,jason.logan@smithwilliamsanddrake.com,77e6a9da-171e-4746-bba5-e68eb921028f,5f0d3cc2-b397-440f-8e92-a49973937be9,2021-05-21T11:11:11Z
be720316-351c-4b9b-b857-7da49c3f3594,Tim,King,CEO,tim.king@greeneandsons.com,7afaccb2-5b18-4ac6-b1cd-3df61f6151ef,ed038fca-e09d-4a69-be8c-9903142a367e,2022-03-29T19:21:54Z
d151de2b-53f4-4391-844f-361b931c0829,Kevin,Shea,Technician,kevin.shea@rayplc.com,b0690951-5835-4c1d-bbf5-c3a6c9e51e6a,0cac63e8-b543-4204-ba9e-f6a598a141e2,2021-08-07T22:34:44Z
99d0d5f3-0f0d-49dd-bbb3-c6bc67594d63,Amy,Sims,IT Analyst,amy.sims@whitethompson.com,ed6f2f9c-7d1f-4a60-8043-87db8775a87d,4db33f8d-8176-4180-bf1d-b0f02c3cf115,2022-01-09T13:11:08Z
de0c8b7e-3c34-4f4d-a370-a7ecb0d04cbd,Erica,Bailey,Technician,erica.bailey@thompsonwilliamsandbates.com,305ffe8d-b317-44ea-8e9a-73922b841e0c,a661de0f-c3ae-4d86-882e-879f69770943,2022-02-06T12:23:37Z
f842fd75-6bbe-4b45-9796-3133316f8f95,Franklin,Walker,IT Analyst,franklin.walker@nashbondandherrera.com,d14f84b2-372a-4767-9e37-bb60ad83dad3,f4c0aa01-aabe-4575-97b9-16d3a5f87d5b,2022-02-03T12:43:48Z
aa160c84-4dc2-4877-a9af-99cd5cf658c8,David,Sharp,Owner,david.sharp@fosterzimmerman.com,0906667b-6721-4a15-a45a-e8627f4c1554,0316cf75-d3e0-4410-acbb-7dbae833e621,2021-09-30T00:14:03Z
67e1b2d6-96ee-4cbb-b1d4-f51355bab886,Rachel,Walsh,Technician,rachel.walsh@mckinneyltd.com,8da1b169-bdcc-4290-afa3-a028f829ea25,f7cc3f1b-3a7f-4160-bc3a-5e58fc3b9de4,2021-09-27T16:54:29Z
5b961e81-fe55-4427-b9c0-d95740c27302,John,Cox,Operations Manager,john.cox@johnstonbryan.com,71907979-2743-4f3a-a1b6-3724f69dfab5,44b3b83f-d17f-4f72-9f64-17ae66adb9cd,2022-04-16T11:37:09Z
c18e7c96-a211-4a57-b4eb-fb71bb709992,Michael,Holloway,Administrative Assistant,michael.holloway@arnoldhansen.com,02309546-fade-4013-8e7e-1e2f41b32241,e5a6b646-0ed3-4b8c-ac39-02849e9fddd8,2021-07-13T13:51:49Z
7844c18c-4854-4734-a4e9-94295188bc47,Erica,Bryant,Technician,erica.bryant@andersonbenson.com,f3b7ec1b-83de-495a-b5ac-58de9efc74a4,d884d223-90b2-437f-9e24-38f93ead99d7,2022-01-22T23:38:36Z
84ef3e14-886f-440f-a3af-829939a5bed4,Melissa,Peterson,IT Director,melissa.peterson@choiclark.com,d78b0288-2587-45db-8285-00aaf4599586,98507beb-cc78-4665-9deb-65a6ea543b7a,2021-05-06T06:24:12Z
e5ff6a2a-3f23-488a-9079-91f7c5df5d0b,Bradley,Brown,Director of Operations,bradley.brown@russellbarajasandmelendez.com,491866e4-168c-48b1-b974-6e7498868b6d,213519cc-ef42-4f8a-8280-b50d01cf7893,2022-01-23T07:48:30Z
85822d6e-9abd-4a82-a1f3-93c2d31155f2,Ryan,Valenzuela,Owner,ryan.valenzuela@thomaswilliamsonandhenderson.com,99413f14-2593-476a-84c8-ecb351de38db,e02fc903-3f01-43a4-a7fd-c0ef12f1e16f,2021-06-04T19:42:26Z
1ac81d7a-362f-4705-ae28-37d946c3fcf2,Kelly,Miller,Administrative Assistant,kelly.miller@dorseydeanandmclean.com,793a4c80-9eff-4812-8ef0-80f5ba74ea16,50e5fccd-cd23-4800-b040-1684b906fc6e,2021-08-29T14:03:21Z
b3215d13-c9a2-4e4d-a7a2-62d59c7b6641,Rebecca,Williams,CEO,rebecca.williams@navarroinc.com,eea224a9-d8bf-468d-b594-707d123cec96,1e039185-77d7-476b-a2f5-0d3a2fbd36f4,2021-06-18T08:42:28Z
82623365-19d2-42d0-929d-ec09b78cd7ba,Kimberly,Miller,Fleet Manager,kimberly.miller@lawsonboltonandhill.com,398b0d99-99f2-4089-9b9d-6bdbfa6046b7,592a06d9-7923-4a09-991b-61def16ae435,2021-07-10T02:09:30Z
fb76b4d4-a7de-4c2a-803a-e35e78465737,Eduardo,Myers,IT Analyst,eduardo.myers@harrisoncain.com,79c0b304-248c-4dd7-93f9-5c0230dcff21,05828ca3-eb80-4693-a9e7-94766f4ad8f8,2021-04-28T21:38:04Z
a14ba4f9-c061-4126-8d3e-bf1f5fb36d9c,Virginia,Webb,IT Analyst,virginia.webb@colewrightandharris.com,0611e2e7-1789-4c45-9a51-6e8210d82ea3,2415abaa-9ded-480e-9e38-982d11271f5e,2021-05-02T18:48:06Z
02269e58-3081-4746-a5af-2a5482b1036b,Craig,Rhodes,Owner,craig.rhodes@salinasbaxterandhardy.com,4bc0482f-7bc8-4acc-a6a6-b23c33e5b26b,03d78a4e-d06c-4688-8c0b-894ba5a74b8a,2022-01-10T05:58:03Z
6a79303c-bac2-4780-8af6-bd9a6255b819,Matthew,Dean,IT Director,matthew.dean@wallshernandezandbooth.com,8a34060d-3182-47bd-8660-7090d4994cbd,fc91acae-f36a-4a6c-a711-90f5e23e25f9,2022-02-27T08:49:59Z
8e2b1c95-3967-4c32-aa18-9c8f116b5825,Nicole,Vargas,IT Director,nicole.vargas@hamiltonllc.com,1c225add-1bed-4424-a124-0059ad1280b1,5da9410e-98bb-4006-a25b-1f166d87731c,2021-11-02T07:45:31Z
f9b55edd-d650-4d64-85b3-172ff2034db6,Olivia,Alvarez,Technician,olivia.alvarez@merrittplc.com,2cf31768-5ef7-488d-aa74-aec8fb54eba7,81b5248f-4a47-478a-835b-170047de6112,2021-06-12T08:08:41Z
be7b8386-3103-4a75-a34e-57519874274e,George,Monroe,Operations Manager,george.monroe@hartfox.com,61ab6218-7b64-49fe-b0de-0b9bd49b0b1a,c8e259e2-6c16-40b4-a18c-15104c494159,2021-07-17T12:19:14Z
e284eeb6-51fd-4d50-948f-78dd4965a885,Scott,Kelley,IT Director,scott.kelley@ochoamartinandevans.com,34c1e753-306d-4be0-be03-944839dd1525,8c3a3c27-1e9f-4e04-8cee-140934b9fa5e,2021-07-30T09:51:37Z
e86d4036-711f-43b7-883a-9843b34064f3,Kelly,Mason,Owner,kelly.mason@montesinc.com,cc291355-df87-4d48-a267-cd6a8a4d4b7f,c6898db8-77ed-48ca-9e39-379ca9ae6f1b,2022-01-22T23:20:35Z
88016ae6-ddce-4085-8310-52b5550775c5,Dawn,Johnson,Driver,dawn.johnson@martinwongandjackson.com,364eb7ae-de28-4710-b2fb-c4dc66484fb0,3a5bfbba-5276-4630-a912-47a49c24cf45,2022-02-22T02:59:11Z
2a585452-7c7f-4c28-8567-43f641ef6b13,Kelsey,Buck,IT Analyst,kelsey.buck@collierplc.com,eaa253d0-4753-4aea-a2b7-b0740028b7cf,6a92419a-7be4-40fe-a862-74163fdb036a,2021-07-07T15:51:23Z
2c143de5-98a1-4a45-a1af-378b73fdbd5d,Jessica,Combs,Fleet Manager,jessica.combs@bartongonzales.com,eb9fb73c-fc9b-432e-90a2-aa153335883b,b34dc005-4910-49b1-8553-43905c70625a,2021-08-22T03:49:36Z
f875d74f-b676-4fe4-ab59-f95ffbf7634b,Anna,Kelly,Technician,anna.kelly@palmermoreno.com,cc58120f-3218-40cf-bc0d-d19ae32b1ddb,4948d6e5-528a-444b-959e-ad1ed8927c92,2021-12-09T11:36:56Z
520a7914-2d0d-4a5e-ab11-8f95dfecfd95,Kelsey,Carlson,Manager,kelsey.carlson@tranandsons.com,01078742-a577-42dd-9504-2572dbc56faf,ef951411-e9b0-42ea-ba4b-c338bc2875d2,2021-07-23T20:09:46Z
595bba6c-daa0-43fa-87ba-839037eca497,Aaron,Fields,Owner,aaron.fields@snyderchavezandtorres.com,3c4814c9-bf8a-40de-99a3-9e1e5ef7276d,e4d3cdd6-4d97-44c9-a96a-773a566d2d6c,2021-12-09T20:27:10Z
bc2692f4-f3e5-4955-b793-9db99185f1f8,Christopher,Little,Driver,christopher.little@mckinneyhoodandgomez.com,592aaeb4-cafb-4f19-bcd6-57b78356f167,81735c35-4399-48be-a5d1-d5b78ade432b,2022-01-13T09:59:29Z
72a77f95-e44d-4d92-a8ec-24481e72f375,Phillip,Bullock,Administrative Assistant,phillip.bullock@castanedadorsey.com,a3d89b95-becb-48e8-86c5-b848c5a42a91,5fdb6998-81de-41ae-84a1-367fd8cb388e,2021-10-06T02:55:28Z
95f1a885-cb0c-46e9-888f-5e4df00c0b29,Tina,Cook,Administrative Assistant,tina.cook@clarkeboyer.com,967761ba-7ad4-4809-8002-ed3398de2126,1ace7739-9316-445a-b556-dbec1fa72ccb,2021-08-24T11:23:44Z
694d30ed-68be-4a00-be29-fb5925b020e0,Tiffany,Nelson,CEO,tiffany.nelson@gonzalesfoster.com,b3eeff33-44cb-4585-8d1d-57260974f033,ce3acafa-92ec-4681-9868-8c29f310e6f4,2021-12-28T00:12:44Z
4eb693bd-9a78-43e5-b200-a40f857b5de0,Jason,Nelson,IT Director,jason.nelson@valdezcarter.com,2b0c2d7a-429d-48f6-b0d4-521a4f7a5cf3,8b4ae967-1c1c-4eaf-8037-edb4fbe2aa93,2022-02-16T19:04:39Z
0c91831a-2628-4d9b-9067-caeb146b7b3a,Kristen,Patton,Operations Manager,kristen.patton@davisbowmanandharrington.com,e2becce8-5c5a-47b8-bff1-6d4458347c60,76071609-187f-4196-a720-d03e3bbe3b5e,2022-04-24T22:41:06Z
8ed3dff1-53e7-4c62-980e-e5f5fd1bbac6,James,Moore,Technician,james.moore@williamsanderson.com,67477434-bec7-4167-9bf0-a363db7ffe93,8f06691c-b57f-4cab-b9c5-f01398468592,2021-05-09T12:52:40Z
42d01e85-5c34-4f68-b7a2-20a08d1b1830,Cassandra,Jackson,IT Analyst,cassandra.jackson@beardandsons.com,64a1d3de-37a0-4808-a0f1-13d75e5d57e4,d7371bdb-7d9a-446e-928f-6f23b083438d,2021-05-26T15:05:07Z
0e986e22-dc5c-421b-b472-35885215461d,Ashley,Williams,IT Director,ashley.williams@williamsmirandaandsandoval.com,5ec6292f-b048-4e6a-9f71-b1cb45923aa9,bf30a8e9-6199-444d-a061-b9401de6b15d,2021-05-11T15:15:05Z
6bd31a1e-a0d1-42b5-877d-5c37d6ea799c,Daniel,Duran,Administrative Assistant,daniel.duran@browningyounganddunn.com,8a8ec84f-65a9-48dd-8a62-60f6e2405d61,763b68a6-3633-47a7-b46b-0605b473dbb3,2022-03-17T15:11:03Z
ea449f9f-edac-4d1f-8e3e-0530288bacca,Laura,Estes,Operations Manager,laura.estes@wellsllc.com,1c325e51-fcf9-4075-8cb9-5e06ff59fa40,1bdc382f-253d-41ae-9ddc-eb4444922655,2022-03-17T00:20:17Z
5956aa84-a69e-4f04-bd5e-1973445645f3,Alec,Morales,Driver,alec.morales@spencerpinedaandreyes.com,f252dd2d-072b-446e-8bdf-1e8bb94996b9,8bdf0219-4743-4c27-a061-a78ae90121a0,2021-12-08T03:00:36Z
4e11a433-87a4-4abc-8339-dfb233b758f6,Christopher,French,Administrative Assistant,christopher.french@elliottgroup.com,8224dfc1-55d0-459f-9d6e-712d970ac9a8,0963eef3-5626-4f72-b4c5-91c74e53c808,2021-09-27T12:33:43Z
2e9c1154-45b1-480d-bad7-c17e45723ea6,Sharon,Brooks,Technician,sharon.brooks@bellmcbride.com,4d534fae-5d9a-48b6-9968-07d452f1a7b5,ae0d5e74-3a0c-4b34-af49-7d3b0f7d0e1c,2022-03-26T23:56:52Z
88b558b2-43a5-408e-bd08-88fed088a222,Samantha,Carter,Owner,samantha.carter@hortonsellersandbell.com,5d63c347-7016-443d-b2ad-d30a57571ad4,8dd4a337-0827-4791-a607-17a18f799e0d,2021-08-02T01:29:31Z
38f51326-352b-4706-aa55-bf9978ce8823,Joanna,Hancock,Operations Manager,joanna.hancock@smithdavisandmcdonald.com,8c8e1795-5868-4c2d-b39d-35d9f73d6742,c35d632e-e3a2-4361-ad00-0436d52850eb,2021-10-24T05:02:46Z
da59d371-685f-406d-8b04-f6769546c2b9,Holly,Jackson,IT Director,holly.jackson@burkelewis.com,e3c2520c-a26c-4b4f-944d-88677f8861a3,5cd875aa-0ef4-441e-9ccc-3f05c07019c1,2021-05-10T12:38:48Z
38aec756-0bbb-499f-8068-8384f420bd6b,Robert,Swanson,Fleet Manager,robert.swanson@bensoncoxandpowell.com,b8fc4e50-e763-48f2-a895-9609f5e2c7aa,40f48829-332e-4df5-8e05-d655663f04d3,2022-03-19T04:41:53Z
bc05819e-c7ff-408e-83cc-4ca86506825b,Brian,Lambert,IT Director,brian.lambert@sheltonhayes.com,25963f34-6fe8-4944-bc3c-3ba371dce7a1,23518dad-2f16-4458-a19f-a7ad6d347cb4,2022-03-29T12:31:33Z
bba27dcf-410f-4bd7-94b2-d360f20a1039,Thomas,Miller,Operations Manager,thomas.miller@martinplc.com,acb664eb-be19-46c8-b772-5ad174a7c950,d3eb83ee-01e2-4c05-8a1f-7e5d8bceb263,2021-05-05T05:09:17Z
13e0ac62-8b5f-472f-a37b-6b9a917d92d1,Jimmy,Smith,IT Analyst,jimmy.smith@griffingonzalezandwright.com,92d3bf54-2dc5-4293-9a97-cfb881bdb5f2,ed522ba8-7df7-4a51-a5d0-1e77d039c3ae,2021-09-15T02:05:20Z
3a812e4f-22c3-4716-b605-8bdf0486e215,Robert,Wilson,Technician,robert.wilson@gonzalezwright.com,dd29940b-3b78-47b2-af8b-e4e8287d2848,de76efbd-899f-4fea-98da-5e1531a51704,2022-01-25T20:40:33Z
5037b9a9-9238-4b1b-95c2-1b44e9b85442,Ralph,Ball,Technician,ralph.ball@whitegroup.com,6a64b111-43a7-45a5-8bf7-78c7c1597e67,410cb6ed-4ab9-4196-99cf-d8a79dd3f8eb,2021-10-19T08:39:06Z
d8bb9518-c538-4017-b13f-67c34969b27e,Sarah,Richards,IT Analyst,sarah.richards@gutierrezmitchellandfigueroa.com,2216bad7-118d-4106-9f35-6aa8ddb6c82b,2b316dde-4fe8-4ec9-b663-3aaa9fb4cdf6,2022-02-14T16:21:33Z
3e0c1785-32d2-4900-a8ef-4215ca7df667,Samantha,Hanson,IT Analyst,samantha.hanson@williamsgonzalezandmartin.com,e8e88803-cd18-4b07-8dd5-f74960dc5a87,607d15a4-5bb1-407e-9b30-d53444f7793c,2022-01-09T18:54:35Z
535590db-fc41-4ba1-9fe8-2a9473e9e7f5,Amy,Brooks,Driver,amy.brooks@espinozawilson.com,ac1e6e72-2c77-4136-b237-7a225d508607,65ccab27-8c80-44bc-abd7-06a3ab853001,2022-01-15T05:26:48Z
f68d8516-088a-4063-9aa6-8b7011330210,Emily,Knox,Fleet Manager,emily.knox@masoncarroll.com,f071962a-0b0e-4277-b2af-36e1fbb908ce,be938c40-f08c-43ce-8aa3-b556df4d8b89,2022-04-04T23:26:35Z
8c4a464b-11f9-49ee-a222-b1ab1f3cefcb,Paula,Snyder,IT Director,paula.snyder@ericksonwright.com,180f79a3-4518-492a-a560-60ce3ea2b06a,a4c79afe-f1b2-46f2-88f7-5063fcb2a9eb,2021-08-03T18:32:01Z
9ed127f6-3d44-4038-9097-aac63f36267b,Scott,Hughes,Technician,scott.hughes@kellymathews.com,9bf9524f-d34a-40ac-b9da-fd30fc47a5a1,df720f05-8bd4-43ac-ba07-6f3ac4965ceb,2021-07-18T22:48:19Z
319733cd-e4d8-4ab2-a23c-8bf24f4cb9a2,Robin,Wagner,Manager,robin.wagner@garciachapman.com,08f95330-e007-4e6a-be36-ee9d396e54a2,537dede8-17da-480c-8b40-874b34a36894,2021-12-20T14:55:46Z
bb4d508a-ea7d-4c45-a471-6ac10c101148,Anthony,Vasquez,Manager,anthony.vasquez@owenspachecoandmcgrath.com,338a4530-1e4e-421f-b72a-4e01b875ad0b,97ceae93-2c32-49ef-9193-ce44d27e661e,2022-04-04T05:42:07Z
2903f28e-6e4c-4049-a319-d66a64728eaa,Tiffany,Erickson,Administrative Assistant,tiffany.erickson@blanchardwade.com,42859afd-7815-49c4-8dd5-18530861170c,15964165-78eb-43a3-8ec3-841073ed67a5,2022-01-19T07:59:42Z
8da26a08-275d-43d3-bfc6-bf8a29ea8bd5,Rachel,Lee,Fleet Manager,rachel.lee@rhodesjacksonandbaker.com,aae22327-b49f-4bd0-a3fa-a380bf0bfe8f,08f1728b-7566-4bea-817e-bae7361440df,2021-08-28T04:59:37Z
d3d62949-8e29-4281-9182-28c5689505c0,Julie,Brown,Manager,julie.brown@rodriguezgriffin.com,c0a2d903-a719-44e1-98e8-4f6d78520a60,668c6709-f0b3-41a8-a2aa-f47afd77913b,2022-04-19T09:14:38Z
cc6b6f72-0d01-480e-b945-17ae482cd4bd,Tyler,Mckee,Director of Operations,tyler.mckee@espinozabennett.com,ed8656c9-5bd1-45e1-84f5-f42cc25c2497,57ce4da3-a1c4-4af2-9cd2-2cee2834ba99,2021-12-06T19:01:22Z
73c0e7e7-d6ed-41af-a3e2-290caf908ff7,Briana,Wilson,Operations Manager,briana.wilson@millerpughandrice.com,722490fc-5623-4e3e-bb32-77205aacb2a0,51f7fb20-38a5-4b63-a797-fbc06da634dd,2021-12-27T06:20:11Z
1103809d-d3ae-4f47-9e49-6e7fc47acf0d,Rebekah,White,CEO,rebekah.white@ortizandsons.com,d88dcb12-304a-4a15-96ea-6b81954f1dfe,21553c1f-4639-4e4e-89bb-08f80a77fad2,2021-08-31T06:48:58Z
a6e56879-4144-470b-ba6e-0a066912a3eb,Angela,Foster,Administrative Assistant,angela.foster@mccartynelsonandmiller.com,c71febbc-13e7-48b1-820d-4e3206220940,cc3eeacd-36d5-41ed-b7bd-1c28e04ea9f6,2022-04-16T23:57:35Z
71a18984-0139-4b08-b3c1-c1cb8b384acb,Kara,Vega,Director of Operations,kara.vega@markscruzandgraves.com,4ea7f65f-807b-4ec0-92bc-b3c9df377704,d33ccf8f-6b31-42f3-a7d3-a58876c30448,2021-10-08T17:42:54Z
72133fab-7884-4293-a7c2-7d84a1828672,Blake,Lloyd,CEO,blake.lloyd@prattjimenezandsantana.com,cd433b51-ac9a-4c35-b3ab-f92a03f50990,af6f4274-dcba-4178-ae22-16c3360f6020,2022-04-09T17:35:14Z
04632a97-3f03-42e9-80f3-8844d0467565,Tom,Rasmussen,Administrative Assistant,tom.rasmussen@lopezinc.com,57406dd1-5446-4deb-b54d-5187153bc3b2,097aae7e-08f1-4590-a1dc-ef3e4caf1888,2021-12-15T20:04:02Z
8089fc74-11a0-4635-88b6-29c690adde96,Nicholas,Johnson,Director of Operations,nicholas.johnson@gillriggsandkeller.com,361a5937-7e4a-45c6-a700-6a2ebdf7354e,e387907b-2031-4b78-ae5b-623e793c4fe4,2022-02-05T23:05:31Z
4694c780-dc3b-43cf-9abe-925d01725487,Jeff,Marquez,CEO,jeff.marquez@dawsongroup.com,759ad30d-f5df-478b-ba19-ad1b8ec9cb61,e84f93fd-0ea3-419b-955f-0511c97d9c4e,2022-04-14T13:11:56Z
00e8f240-adda-4489-85da-fa4f7445409d,Tammy,Clark,Driver,tammy.clark@maciasmurphy.com,6e2c566b-b567-42d6-af48-eaa3449fda50,b796766d-1bf0-44dc-8220-9a6b83065fac,2021-06-18T11:04:06Z
ee804d52-2f02-477a-b907-14d237acbbee,Jennifer,Mckay,Fleet Manager,jennifer.mckay@hillwilliamsandvelez.com,e4775392-ce0a-400b-a92c-8398a17239d0,096a09d4-6a9b-4e13-a9d8-5e91760c522c,2021-10-25T07:22:23Z
bb7f1692-d805-474c-a958-d18451420d64,Ralph,Lopez,IT Director,ralph.lopez@solomonandsons.com,b36df4eb-2725-4a2c-8793-9a28906a9b69,3cc81967-63d9-4584-9b1b-1aafcb916ff7,2022-03-01T20:56:37Z
d0c0b882-b376-49b3-bccf-195181cf600a,Jessica,Horton,Director of Operations,jessica.horton@meyerestesandarnold.com,a5cf87d0-8eff-4056-9a5c-811be5e698a8,61ca273c-535f-4990-8ba8-d02939170c25,2021-05-22T01:16:31Z
c6e6939e-56ca-42a5-ba04-9070b4713a4e,Katherine,Smith,Administrative Assistant,katherine.smith@pachecowilliamsandmason.com,9f52ec89-fb8d-4324-8b74-06f9b44be2a2,a64dd336-c06d-416b-83f1-a2ea0dd9be0f,2021-08-17T21:45:05Z
b149d45f-d823-4219-9a6a-b55443df9d21,Cynthia,Barnes,IT Analyst,cynthia.barnes@garciarivera.com,f4770b0d-c9b3-43e8-b38d-371cad08df23,2a33d772-5431-4753-b4bd-6f4ed2253d9f,2021-11-11T19:40:04Z
828e1b7b-894d-401b-b260-036b9a3ea24d,Danielle,Haley,IT Analyst,danielle.haley@torresdavenport.com,2a4d04d1-7cb1-4045-8808-b570d1708d20,ea9d4af2-1502-43bb-89a8-0d736beddfc5,2021-06-26T00:35:57Z
1901c0b7-cb90-4ccc-9f1d-dbf52bcd1637,Jennifer,Taylor,Operations Manager,jennifer.taylor@curryblankenship.com,3bca12d6-e304-477d-a6ad-a3319e36b8d5,ea652f2b-f5a7-4cc3-a8c1-2a6772cb271e,2021-05-16T01:12:05Z
0d9cd956-2129-4518-918b-f068c8e6693d,Louis,Carter,Fleet Manager,louis.carter@ryanltd.com,6268cd98-71ee-4954-a847-dadb43f242d6,e33ce032-661f-496a-8e4f-86bf251c85dd,2021-10-09T04:38:35Z
37dd4de0-ecb5-4d1f-949f-e3838c4d2f18,Victoria,Williams,Director of Operations,victoria.williams@jonesplc.com,307629b3-6be7-4793-acf1-c3d33c6a46fb,23add6eb-fcfc-47a4-8ff8-b8d62b197cfd,2021-05-27T12:30:34Z
7ca3c2e2-c819-4c31-93d5-4abee7c43fc8,John,Howard,CEO,john.howard@middletonlaneandrodriguez.com,40f95f02-89fc-4110-b34a-57d44312d332,87f42af0-589c-4275-b359-59056254380b,2021-09-13T02:40:13Z
301c315a-c508-4c56-9a40-fa8deec04ac1,Jennifer,Harris,Administrative Assistant,jennifer.harris@olseninc.com,e0ee5545-7827-4e19-9f21-9ce441c2a3c0,721f28eb-13af-4ded-a12b-4f21c2b55b31,2021-11-14T04:04:53Z
9cd91c47-7ad6-49bc-bbba-44971f1f5ed1,Lisa,Duncan,Administrative Assistant,lisa.duncan@turnerinc.com,95936d0d-e5e5-46f2-9fbe-67bf6bd5abf2,aa3a1c7f-7ae1-4f46-867e-0f4c2d9c3c95,2022-03-14T16:34:40Z
18e42425-82f9-4788-9c5f-9a8068d0520d,John,Navarro,IT Analyst,john.navarro@petersonlopezandwatson.com,9598a2d0-778b-4f3d-b97b-48dc4950e056,ef286959-dd1c-42f7-82c6-2f5d21e5918d,2022-01-13T01:49:54Z
5ea8d387-fbcf-41d7-ab44-0085331e6705,Dylan,Harris,Fleet Manager,dylan.harris@nicholsgreenanddean.com,29ef5e67-7c26-4f1b-8597-b14cafd64142,64c270ab-c3ed-49f1-b6af-ee1ea43abf93,2022-01-11T19:11:01Z
16c2a4be-1dda-4e3c-bd1a-4ea08123123b,Ryan,Wallace,Fleet Manager,ryan.wallace@foleyjimenez.com,d2f730df-3340-416d-a55d-5bad05045573,bfc155b4-808b-4c9e-8ac4-aed7bbef7069,2021-12-30T13:53:16Z
9bd520c2-9c3d-44a4-9db9-16ed2cef4863,Samantha,Rodgers,IT Director,samantha.rodgers@nelsonjacksonandgreen.com,47899c8f-aa1b-40ae-a72f-14ff9a4527e3,6340521f-f4a5-4d0b-95d3-1962b3705998,2022-01-24T20:35:29Z
137b133e-2330-4936-91de-a47b8c50f2cd,Renee,Robinson,Director of Operations,renee.robinson@foxruizandperkins.com,ca63fada-2836-4405-96f0-609a47467819,82f670ad-9a57-4de5-bf5c-3adb768a819c,2021-08-19T20:51:38Z
383151b1-078b-4f22-b710-2315a70c0abd,Jonathan,Ramirez,Fleet Manager,jonathan.ramirez@williamsonwatkinsandroberts.com,42a81914-5d81-4e46-8543-1565ef08142d,08824afd-5aae-43e8-ad96-e2a61339cd0a,2021-11-23T09:21:47Z
a119e746-c227-40e0-9c83-581c018b0b2a,Allison,Alexander,CEO,allison.alexander@swansonfisherandharper.com,d0bbc750-ece4-4224-a2ad-8f9f7da70ff8,e1d8abaa-bab0-4645-8eb3-a89c809cf4cb,2022-01-20T23:45:07Z
500d0f35-13ae-44d1-955f-2b0507c41ad3,Holly,Robinson,Owner,holly.robinson@huntsmithandbutler.com,fd7d3b00-4e4a-4211-9079-b0f523fc8587,ee7e8d02-9a6c-445f-850e-020f65f32d3f,2022-01-26T01:37:13Z
511994ab-20ef-4643-a192-4acb9b4ece6a,Donald,Lopez,Administrative Assistant,donald.lopez@thomasbraun.com,f4d56d4a-bdd9-4c76-98a1-aae58d6c944f,734185f7-5029-4a3b-aa6f-caa7cc487907,2021-10-29T09:45:12Z
8ec467bf-f5fa-461b-b202-d7e6602b4d29,Kristen,Watson,Owner,kristen.watson@paynelong.com,a625a901-f064-4474-8a38-549e530f59a5,69c4e0c2-c2d6-4d88-845c-651cfcbd93b0,2022-01-30T21:21:51Z
c3b39f9b-341b-46bc-ac6d-72aeca2fe882,Lynn,Nichols,Operations Manager,lynn.nichols@cookstein.com,7f5a6a0f-c810-472a-8cff-dd6d6e363ac8,3c2ec777-1976-4971-bbbb-2eff3d92cce4,2021-10-15T12:28:05Z
d0bdfcea-ec91-4fde-99e8-06d77ab7baaf,Lisa,Hall,Manager,lisa.hall@davilallc.com,0e7e6791-6bc7-45c8-98e5-35cae960edcf,43b96b18-8fae-4efc-b381-9e232d533b49,2021-05-21T02:22:59Z
e5c8eb95-ab0a-4a7f-8f26-95e3c864f46e,Alexandria,Dennis,IT Director,alexandria.dennis@whitellc.com,02c4d3a7-3077-4187-8cc2-701051ec6eca,5917ab8f-c50d-4e89-9ecf-8fb66af599df,2022-02-07T11:41:27Z
2e7de09b-917e-45fe-a1b8-a1f62b5759f6,Chad,Smith,Driver,chad.smith@smithleeandsmith.com,9d4a270e-8826-474b-80e8-d0c17f0ce685,c55d7a7f-8fe4-4b01-be74-4fae9b3eee7d,2021-09-27T14:43:21Z
b6cb5734-6cc2-47de-b43d-cfcb3211dc54,Mary,Simmons,IT Director,mary.simmons@ponceinc.com,4613ddfb-0b4d-4b95-a6a9-5ec1448be62a,130504d1-8dc3-4408-b0e2-f7c3f2e828ac,2021-12-12T03:55:07Z
c00f3792-16f9-4b3f-aa97-199ea4a7331e,Joshua,Campbell,Administrative Assistant,joshua.campbell@hernandezdelacruz.com,fa96e670-3613-4d77-9cfb-de412f01e2e1,9e344900-f59d-47c5-801e-332af357ecce,2021-11-20T02:45:44Z
49723fc7-224c-4843-81e2-725bddc448c3,James,Mcdaniel,IT Director,james.mcdaniel@henryinc.com,5354f403-1104-4e39-a0f8-7047bbcef005,3c99755e-accf-45ce-bdc4-b8ba1cff3e23,2021-05-12T00:41:14Z
dbbea9c7-8fe4-4855-9268-d994990f25cc,Terry,Collins,CEO,terry.collins@montgomerymurphy.com,bf9f2a31-7e5a-4028-ac03-b7f917ee2338,37661f1d-00e6-4033-a80a-6de8646c5297,2021-09-27T09:03:20Z
9fa23245-d855-445e-9801-0b3e078898ac,Bryan,Wright,Manager,bryan.wright@nguyensandersandgrant.com,2a186cb9-5e53-4a60-b7d2-7479b97fb36f,6cfe12c8-4801-42f2-b814-d22998e703df,2021-07-03T08:24:48Z
56b4a523-fd82-4419-ae7e-8e77633f0a48,Abigail,Wilkinson,IT Analyst,abigail.wilkinson@harringtonloweandbailey.com,a19306f9-81d6-441f-966e-9bf57f7b1020,1cf1f9ff-492c-4c29-b3c4-2057aa715c24,2021-12-11T01:29:59Z
e92ec08a-9aa7-4aa9-a8a4-d4f06a29ffc7,Lisa,Ferguson,Fleet Manager,lisa.ferguson@jonesjohnsonandsingh.com,1f2a3634-bdcb-46f5-ba62-83ed3eeee32e,c543413b-9caa-4888-a535-e3a8b5c17a6f,2021-08-24T09:42:32Z
b94aad69-e9bf-41a5-ba17-eaf364ca7f85,Joel,Williams,Operations Manager,joel.williams@ramirezroman.com,36ef447c-c5f1-480b-939d-fa3fe08f6f6b,fc47a4e5-1932-40d0-b1d1-76ffe64b57ff,2021-05-09T09:49:01Z
7fab5df7-fc50-411f-845d-4a4965df95c2,Nicholas,Clarke,CEO,nicholas.clarke@mcculloughlawsonandprice.com,fa2e5fbc-d55e-47e5-8ea1-fc1d83c13ae1,fda63fe7-4244-4bae-b566-053d8fb8dab5,2021-11-07T18:52:28Z
7ecaf07b-5d68-4a5f-8184-06136113903e,Paul,Brown,IT Director,paul.brown@soliskimandclark.com,59571ad0-2cfc-4e8d-b653-7d8185ccfa86,cda2a4dd-b160-4623-aa1c-f4ed76767c89,2021-07-12T01:43:37Z
296aa1f6-4455-4479-a215-68fd34c5860b,Amanda,Jackson,IT Analyst,amanda.jackson@kellyrobinsonandbell.com,d95f19dc-82b0-4bd6-9cd5-c93d00a3e0e8,8284a477-509e-4e9e-a34f-071c5f0a3d53,2021-06-09T01:34:04Z
634bfabc-28db-4cb3-b618-19302101f702,Kevin,Wilson,Fleet Manager,kevin.wilson@gomezltd.com,07050de7-22af-418f-bfa1-f0585acd764e,cf44b601-13fc-45c8-80d8-fc52222791ee,2021-09-09T21:57:08Z
9e4efa88-1a8d-4271-be33-ab075ea47db5,Ronald,Sweeney,Technician,ronald.sweeney@fishermeadowsandcannon.com,95915cd4-9c9b-420e-8399-3dbf7598db3d,4ed208b7-0373-4bde-9179-e2e7ab152b86,2021-07-05T23:32:04Z
ef5fcae8-7b25-477c-9a9e-ac734764caf8,Holly,Barnes,Director of Operations,holly.barnes@mcdonaldedwardsandbranch.com,296b53b4-363c-47e0-8edd-8234489832ec,0b586105-205d-43ca-a81d-950546482093,2021-09-30T00:29:14Z
cda55780-8b89-4c98-8807-f8da42a0411c,Karen,Mack,IT Analyst,karen.mack@smithplc.com,79044165-d4c5-4675-8631-ccd765eacf65,7ec714c1-07f7-4a72-a807-85b10cf44170,2021-11-07T14:10:14Z
c4023693-5ec5-4c4f-83b7-15a3941c5e94,Thomas,Graham,Fleet Manager,thomas.graham@newtonmacdonald.com,70f4364c-2774-4d35-a7eb-ab61853dd638,76327a1c-9ae0-424b-837e-59a641efd438,2022-04-15T05:12:51Z
7df94202-e4e3-4777-8d24-c9806f6b6262,Kristin,Alvarez,Owner,kristin.alvarez@pereznguyenanddunn.com,c0ef66d3-f681-4ad8-bc37-827001abad6f,a6ccfbdf-d07e-4b73-b8e6-79651f649258,2022-04-10T07:22:37Z
7ab36365-f6f6-4d51-95fb-ce4157c53247,Jeremy,Ruiz,Administrative Assistant,jeremy.ruiz@guerrerobean.com,e80982ae-f103-4173-81f4-7e4435fabc11,fcc1f137-a463-4f13-ba6d-ed88af7e0a67,2021-10-12T08:57:43Z
fc6510ed-228e-4248-9c01-1f55a66f2cbe,Jessica,Myers,Administrative Assistant,jessica.myers@cruzllc.com,47f3332f-5f4d-4f2e-b7cd-fe43b184d99f,585150ec-c992-405f-9d42-ea06b2d71f68,2021-08-02T12:06:42Z
341d1d80-89d3-4c6a-be81-510bec711251,Theresa,King,Technician,theresa.king@coheninc.com,94fe7ca2-8489-42ac-82a6-e6f25fa96310,cd046e6e-eede-4e66-9115-b355e63f512c,2021-09-28T17:39:59Z
61825e76-d899-439e-af3d-14d7604d943e,Karl,Leonard,Manager,karl.leonard@welchmiller.com,2eeb96d4-6c1a-4e4d-b0ec-f337af8c0de8,1e847c08-4beb-410c-85e2-dd237bfb8663,2021-06-26T20:08:32Z
3a132418-5792-44f3-8af4-67f6468aab4e,Sara,Taylor,Owner,sara.taylor@hoganplc.com,bbdbf168-1f10-49c0-a745-50755d863144,ef369c64-3218-4114-b328-5e86cd8df39d,2021-07-11T08:37:02Z
aa9a052f-e71a-4b56-a671-53e8e1ef40cd,Rebecca,Hurst,Owner,rebecca.hurst@lemitchell.com,ad4f0681-6ed9-4835-90ba-024cd24eccb9,e4e80c22-fa6c-493e-bc9f-eebeeafeec96,2022-04-03T00:27:23Z
d185dfca-20c5-4610-8511-8dec317fcd83,David,Copeland,Manager,david.copeland@huynhltd.com,9758b513-7876-40f3-8aef-7e60a74277f0,37a7ccd5-6410-4bb7-a679-a2dab0b5d175,2021-08-22T09:38:14Z
305bd79d-32ec-44d0-bc3d-236669006206,Melissa,Austin,Fleet Manager,melissa.austin@fischerstoneandwalter.com,3eef86f1-f1ac-4403-babb-4ca73e377cb0,f460f7f6-8697-4445-bd37-8327a0fdc070,2022-02-14T17:20:09Z
ec849077-8de1-42ae-8c0d-f7f1a09b7976,Cindy,Gutierrez,Technician,cindy.gutierrez@davissilvaandgibbs.com,ebc6ed13-74c4-4cff-b29a-4e9ae3731e39,9a93d176-ff97-4108-8d51-c147764ae696,2021-08-09T12:30:54Z
2965d0f0-8130-48c3-9d98-4c2fe457c94e,Trevor,Ferrell,Operations Manager,trevor.ferrell@jacksonvaughn.com,11ae4441-0076-46b8-9eaa-36074f81ac0e,33b73c1b-a14f-46c4-be55-a0b4b5fa611c,2021-12-26T12:22:04Z
4c40f166-e8cd-42e4-bdc2-bc26fd91551f,Patrick,Landry,IT Director,patrick.landry@jenseninc.com,ce3343d2-0e9c-4c3a-8eb8-b55269f88dcc,82d1b873-c65b-4988-a7af-480e1a845dd3,2021-09-29T09:12:43Z
f88a2436-9739-4307-8572-79cd31e731a1,Jennifer,Johnson,Owner,jennifer.johnson@fitzpatrickboydanddudley.com,0d75c697-4441-438b-9a11-b7952de03b3b,fa05434c-eab6-4142-93bd-429705b9e19e,2022-01-16T07:06:19Z
d0f488f9-2295-4034-8dc7-20bd85f4b7f7,Kendra,Chambers,Technician,kendra.chambers@howardwilkinsonandsilva.com,9be0dc88-1819-46a3-9a65-293e603790c7,45400e84-f9b6-4127-b152-056e152a8453,2021-05-06T03:47:15Z
df6796a0-92b2-4a61-bf04-2af619e408a3,Abigail,Lawrence,Operations Manager,abigail.lawrence@herringsheppardandmartinez.com,ec915d69-b7d0-4ec6-b256-757b70cd6922,379e645f-2c4b-4754-9055-33e695b91863,2022-03-14T21:55:14Z
ab86e8ec-2a6d-4cdc-8ab9-225b3e9bc5ba,David,Kennedy,Director of Operations,david.kennedy@davisruizandbrown.com,0c0539de-4a0b-44ad-8285-f0c4ddbde5cb,3eddcebd-8434-4220-baf5-d43d9085b563,2021-12-06T02:17:39Z
485b8ead-8099-491f-83a9-9713ef365fc6,Robert,Sullivan,Manager,robert.sullivan@robertsmitchellandbowman.com,8c6084a6-2768-4cef-94f4-6988bc510dc2,1937e850-0ad9-4193-a3ca-23827a993890,2021-05-06T23:31:36Z
452f1f5a-505d-49d2-aa49-78c1b6958874,Adrienne,Davis,IT Analyst,adrienne.davis@wallaceperryandhunter.com,beb15a8c-b35d-4794-a08b-bfb7f18bb35c,5d6a7c14-0be3-496c-abc3-fd604b2bcd14,2022-01-15T22:09:00Z
bbba0e4c-2fb6-400c-aab0-f042f6fed43d,Isabel,Nguyen,Manager,isabel.nguyen@barnesjones.com,66d8f614-9bbf-4dfc-855f-3cb23aa270cf,030a5381-5e3f-4f68-a207-8de4cb893779,2021-11-29T20:09:29Z
e074169b-dce3-414b-80ca-99ab7c4fd799,Nicholas,Hall,Fleet Manager,nicholas.hall@cookinc.com,8a127d79-cfda-4ac0-bb72-18a0232de15d,0c9652ac-c1e9-4c54-bef1-374040144e61,2021-10-16T07:54:44Z
ab5a54a7-1665-467c-a805-baa41c61d3e3,Ashley,Freeman,IT Director,ashley.freeman@danielswatson.com,ebc161e4-18bd-4407-88b8-1ad142e76717,e27b8605-ef2d-49e4-93fb-c4c66415870d,2021-04-26T23:50:02Z
b9f32900-ffdc-4ffd-b2bb-8d7479e53a31,David,Young,Director of Operations,david.young@johnsonstewart.com,434be876-0578-45a8-b1e6-9ed3f47e079f,eb531abf-2279-4963-a1da-4881b4f9a2fc,2022-02-08T04:21:26Z
aaa0abdc-1bc8-4d7a-a203-340a50eea935,Kathryn,Ford,Manager,kathryn.ford@petersonwatsonandwebb.com,471526cf-470e-43d2-bb9f-abd8f0e53d03,31219a7f-1ede-4aea-b292-a5efbf842e30,2021-10-13T16:47:52Z
13489810-cfd7-44b9-8d4d-ed808c9ef1a6,Rebecca,White,Administrative Assistant,rebecca.white@munozllc.com,c5c33ded-c6a6-422e-b094-779fc6a76dcd,94006c76-90be-412b-a1f7-09e2b9e136a8,2021-05-15T02:08:54Z
9c7c161f-0bc3-4526-a26d-a95c6074dcf2,Patricia,Butler,IT Director,patricia.butler@smithflores.com,659f69af-320f-44a5-a5e4-9bb1ac8fe9c4,381a8da4-d3b0-4e55-9142-5954b75aa98f,2021-11-02T19:05:00Z
f6408cea-d574-472a-8a91-46713fd4638b,Deborah,Fuentes,CEO,deborah.fuentes@mcgeenelsonandmorrison.com,f30c8370-c422-4e00-81a4-869aacdf2b80,3cbab329-cd51-4248-a75e-05427363e579,2022-04-08T17:54:35Z
85a47fe8-9ff6-4f69-8714-c97a64d37077,Douglas,Wells,CEO,douglas.wells@millerinc.com,040fdec0-4b9c-4594-802c-bd9dcd5e0f4d,2ff2ae65-5130-4f54-abe4-97cdf69761fa,2021-11-16T02:18:47Z
46afb4b4-779f-423e-a965-1cb168112b6a,Sheri,Wong,CEO,sheri.wong@curtisguzmanandsmith.com,c96c434d-20ca-420b-9399-b9a7894b0062,2006689f-367c-4a81-824e-8e269d5569bf,2021-12-03T13:27:43Z
a5c7688b-8e9a-447d-b1a5-7ad781810bfc,Dawn,Padilla,Administrative Assistant,dawn.padilla@elliswilliams.com,b575bb5b-fd17-4dc5-b9d8-3fbe61f30907,8eea1103-5d76-4ed2-9fc2-1fa86d4da57c,2021-10-02T18:13:01Z
571ec016-e932-4057-83f6-ac9dffc60a91,Bethany,Wood,Administrative Assistant,bethany.wood@taylormoses.com,27300db4-ec60-4d14-9f0e-904041914cb4,9d1656c6-3e28-4c60-a2b0-9842254de07f,2021-07-11T10:58:08Z
b5856380-c1c7-43bc-acc0-4b6786ecbb97,Lauren,Rojas,Fleet Manager,lauren.rojas@owencrawfordandjohnson.com,42079e5b-2f14-41c6-939b-525f5c9fc5ed,e5f07a0d-181e-4a77-926c-0c82ca878913,2021-12-19T14:41:00Z
4767c0fd-f8b3-4ab7-99e3-266c7eeb299e,Nancy,Gray,Operations Manager,nancy.gray@walkerandsons.com,b2b3e6ec-cbaf-4dcc-9859-8c1194f51651,6a923e1a-6824-417e-b5e1-281d9df9e392,2022-03-26T05:44:46Z
1f83d538-fbed-4bc3-b06d-8ff942b31175,David,Woods,IT Analyst,david.woods@marquezllc.com,3d440e67-4339-4c4b-b622-3445df49f616,190635a2-59f9-4b88-83bc-fd514ffe2290,2021-09-12T15:26:04Z
a44a6bb6-5867-412c-acb5-fa730a087b91,Nathan,Smith,Operations Manager,nathan.smith@oconnorltd.com,523fed7f-1c78-47cd-9dcb-e5583610b9a9,9ba987b1-42da-441b-b181-c90e18db4d24,2021-10-21T15:55:46Z
5dc60d3b-4e6f-4613-bcae-46884ee93bdc,Ryan,Skinner,Administrative Assistant,ryan.skinner@hurleyinc.com,6c20b30c-3efb-4dd5-9718-0f8ca3847c1c,98837c17-7cab-4d8f-92cb-36a5060096cf,2022-01-21T07:58:32Z
c1fdcb23-c19f-4c3b-acf0-cf413f232b1b,Daniel,Matthews,Manager,daniel.matthews@carterjonesandrodriguez.com,33374c99-1df0-42e5-a795-8ae927e40d6f,86a3ebdc-d516-4cb4-9322-8b711360b3e8,2021-12-13T07:57:05Z
e57f31d4-935f-4fcb-a773-96b576acd4f0,Michael,Krueger,Manager,michael.krueger@riverainc.com,9ba6ef98-28cb-4fed-a9b2-6816a9c6810f,ef293393-7b0c-4c79-9304-dce193182a26,2021-08-22T20:59:21Z
57e4c1c2-782d-49cc-b805-17042ccc400c,Justin,Ellis,Technician,justin.ellis@duncanplc.com,a19ff6fc-96b5-4b7e-a13c-5e3db29b2ef3,430aa494-93ba-4a52-909b-17820628a92f,2021-10-29T16:04:12Z
26e7e0a6-6904-4121-83f3-a988cf323fa5,Amanda,Rollins,Owner,amanda.rollins@martinezhill.com,72ca4a30-d368-49a6-bea4-677f97553258,a681649d-7aaf-44c0-9589-2a46775078d2,2021-11-20T18:11:15Z
899ce531-af80-48e3-a110-57cef024d46c,Betty,Diaz,IT Analyst,betty.diaz@barneskingandspence.com,f5134f02-cbe2-44d1-807b-bc639ebbcdc3,2f79a1d9-58c6-427e-bdd1-7a6b95c41124,2021-05-10T11:43:32Z
008d0433-c33d-4f24-ab6b-f978341b86ca,Sally,Scott,Owner,sally.scott@copelandstewart.com,dff0eab0-ebeb-4ce2-89d9-853f0a8f21fd,a5b3b404-4e17-4e3d-9f0e-f0a85f4e4308,2022-02-24T14:25:56Z
6f5da033-1361-4682-8acc-5716ccfeff04,Jason,Gutierrez,CEO,jason.gutierrez@parkerjefferson.com,acd64573-28b7-42e7-a762-966a3e434d4d,6ab1ff11-c5ce-4f7a-8cbf-401aa580da07,2021-12-25T13:57:34Z
11c5fe03-2164-4005-a8ab-c7b2eb9fbac9,Martin,Lozano,IT Analyst,martin.lozano@washingtoncraneandscott.com,508dbf17-8006-4999-9022-4447fe03a2eb,96d0db3c-2593-4db5-a851-589833b3105d,2021-05-27T11:14:38Z
d623a562-b72d-4cc2-9cbb-ceaf46d38f3f,Pamela,Allen,Technician,pamela.allen@hannataylorandstephens.com,5b33ff00-a012-4340-90d6-e9db7a40b8fa,c63d66a2-1b74-4e0c-b98b-3e2643148c6d,2021-12-16T21:14:18Z
912771b0-ba42-4114-85bd-e6991ae1b3a1,Kathryn,Chambers,Owner,kathryn.chambers@bauerandsons.com,a84850be-65c2-497b-93e0-e09702772946,262f573c-cfdd-405e-b488-6c284e026f8e,2022-03-28T16:20:45Z
36cad925-62df-4861-924d-1da9d2c98fad,Jose,Obrien,CEO,jose.obrien@scottcuevas.com,a63bf037-3e04-4862-b978-b6b3a98d5e6f,3791c686-37c4-4504-8bb0-8bed19511b70,2021-05-31T00:17:29Z
11b1e9d9-28d4-4bb1-a0cc-bed6502199b4,Cody,Barnes,Fleet Manager,cody.barnes@jonesphillips.com,15eccb8f-22f2-435e-a026-7db706f51d2c,b7e0ef4e-1a12-48e0-83ea-42c1ff0b934e,2021-11-28T11:43:56Z
064fa522-022c-49fd-987b-29e72f6a4230,Sarah,Turner,IT Analyst,sarah.turner@wadeandsons.com,9ea495fb-9134-4c1e-9e16-555d29200d77,73ad53f3-db5c-457f-bdeb-487f7c771724,2022-04-18T07:18:25Z
c2a92beb-0ef5-4f28-99ee-f69367140f88,Stephanie,Mendez,Operations Manager,stephanie.mendez@howardltd.com,4e3aff30-f9a8-44bf-9566-9a30ced80635,3322c864-dc81-4e54-83e3-d5fea612f1a1,2021-05-17T14:16:20Z
15b8f2e0-a98c-4e4a-8088-2fab35d0200f,Karl,Barron,Operations Manager,karl.barron@scottbaileyandcarter.com,ad321282-5b50-4993-ba7d-7e3272d932af,e9a79186-dcbc-428a-b38a-6bedfca63e54,2022-02-11T19:08:33Z
66c34880-accc-4c1a-9ea0-48595f18435e,Stephanie,Gray,CEO,stephanie.gray@smithwatson.com,01542d78-ded7-4ff5-bc7c-e98c001074a9,80990185-b405-41d2-af74-28d2b026bfae,2022-03-24T20:39:04Z
8c9d9025-1484-4838-8f20-e782ab8ae103,William,Vaughn,Manager,william.vaughn@smithterry.com,5bfe893b-0760-4d40-9321-b473690661bc,2748f6f7-bdf5-418a-95f6-062d334849cc,2021-09-04T06:43:57Z
467031b1-3778-4fba-8730-9f4aeb51c28e,Joanne,Dickerson,IT Analyst,joanne.dickerson@clarkmejiaandsawyer.com,ce712d43-2aba-4b48-8d47-0cd35e061ae8,7218be71-080e-4aeb-a3c0-979bca8bcc37,2021-10-23T11:02:33Z
244963d1-50ec-4834-bcd5-7de19686b0bc,Jason,Johnson,CEO,jason.johnson@phillipscookeandwest.com,7d2740a0-5b91-4feb-b6f6-879502212ce1,37d259e0-5d7e-43f1-863a-74013a5d44a8,2021-10-16T02:25:13Z
f2ad6c72-73b1-48d0-8a4e-de42073af7fb,Jennifer,Lane,Administrative Assistant,jennifer.lane@nicholswilliamsandwilson.com,bd5b3bae-a34a-457e-a903-c4ee40752aa3,19432a02-6dab-4b09-9521-23b854748a68,2021-11-13T17:18:26Z
14da9b5a-49ea-4f45-9076-51f4709453b7,Sara,Warren,Manager,sara.warren@zimmermanplc.com,f885a510-e1d8-4e50-8716-d9f9a01aaf05,70268412-74a5-44fd-b741-cd9dae49f4b9,2021-10-11T11:41:04Z
16ba1977-bb5d-409a-9f28-de7d343b0b9b,David,Briggs,Administrative Assistant,david.briggs@hillpowersandrodriguez.com,e407588e-48b9-4449-b854-952fa2f6dc30,d7bf26dd-c609-4b5f-b4dc-a34c50b736f4,2021-11-30T00:03:53Z
32f9a26d-4187-400a-ba00-968c5993226f,Kelsey,Duran,Owner,kelsey.duran@fullerltd.com,608c28cd-bbe5-4e3c-817f-34c0d54ee19e,eca26b1a-2375-44c3-bb70-98c06b9fcd03,2021-09-07T21:40:26Z
de11631f-5418-414b-a292-ffba5fac2bc2,Richard,Smith,Owner,richard.smith@harmonllc.com,4186b05f-391b-4d35-a35e-ccbc5747c1c2,0e9ee2a9-4c22-485e-b009-ad80e9d2cf0f,2021-08-11T15:45:58Z
a7ca4b3b-0fb8-4d95-be4a-c12a7c6f63ea,Frank,Lambert,Owner,frank.lambert@leepratt.com,e0c24b8b-8f1d-49d1-8162-a56ba850dd69,db87e6b1-4e0d-42f0-960a-688881e9083d,2021-05-28T18:38:24Z
ec0c91e1-b8b3-4fa4-bf37-b9a0e7e45f1b,Meghan,Allen,Technician,meghan.allen@kellyfoster.com,c908a850-3b40-4673-aeb2-83501f248616,3a7b3666-3ca1-4340-a8c3-806e95a1fa00,2022-01-18T06:47:18Z
da7d5280-8949-4753-a357-9c5c8ac27288,William,Black,Fleet Manager,william.black@dunlaprobinsonanddavis.com,1fe6394e-1b3e-487f-92e5-70742b8f0c81,8a0ccb34-4ddc-4888-b195-257abd2718ae,2021-05-08T02:40:36Z
4ce6d2d2-1a6b-462e-9e4f-a826f57bae4f,Thomas,Miller,IT Director,thomas.miller@moorefreeman.com,b2cfc102-81c2-498f-8e63-860ce5fd35b1,d25f656a-3f82-4c04-ba66-c9a754c40bf2,2021-07-16T16:13:58Z
595c6c79-be51-4cd9-acd7-a0b5669724e2,Ashley,Mejia,Administrative Assistant,ashley.mejia@kaiserwalkerandgomez.com,6a8374d7-6c40-420f-9c15-6277f1901aea,d03eb67e-3ea1-4e73-b594-f1291ab87618,2021-11-18T10:05:49Z
67370f42-7d65-4313-b530-e885ba5e8225,Raymond,Castro,IT Director,raymond.castro@allengroup.com,6ffa09f9-057b-413c-b5eb-d56b3c217212,dda9408f-db15-4378-aaac-8ae302a5795c,2021-08-07T22:46:30Z
f179a9cb-d1ae-4d88-bcbc-01332e5e5ca5,David,Gardner,Manager,david.gardner@winterssmithandschmidt.com,5236fcae-9df5-4f0d-ba3f-939484c5f8ac,1bfc42ee-92af-4126-8320-59bbe08c2095,2021-06-15T04:37:07Z
35b9974f-7a71-4069-b8ad-073bb5edba9b,Jimmy,Hill,Director of Operations,jimmy.hill@stewartharperandcarpenter.com,a33ea860-0152-4011-9fea-6b2d3d25c08e,95d9b463-8062-4575-98a0-b04f7f498055,2021-11-10T00:51:50Z
99353e2c-8517-47d9-a1fe-9881e59ace56,Benjamin,Martinez,Administrative Assistant,benjamin.martinez@masonmartinez.com,4622486c-8252-44b2-908f-be7fcc0e2ffc,cde2dcd9-41a0-46d6-bc58-6dc148ba2021,2022-03-17T12:10:30Z
6a14b3e5-a885-4cc6-bce9-369bcb6623a4,Stacy,Garrett,CEO,stacy.garrett@pooleplc.com,309c65da-4b1a-487e-a839-8815906842e4,12f50c62-d1d9-4a8f-b60a-6b37c24cb5db,2021-07-17T22:34:33Z
2f3c830a-1868-44ea-bbee-a4c1a3af7733,Hayden,Brewer,Driver,hayden.brewer@hansoninc.com,864a8449-ad92-4272-b908-47d7c4b347b9,1b45c4ee-b0b8-435a-8092-1e2043961126,2021-12-23T21:50:23Z
dc494193-d19a-47f5-8d45-cc630a9898fe,Kimberly,Stafford,Technician,kimberly.stafford@basshunter.com,f74d1c7f-a2cb-4810-9e21-b0a275ef9478,0eee4ba4-2f18-454f-a627-7679ad4d16fd,2021-05-13T13:36:22Z
1fa20d77-036e-4a42-a20d-23baf6d16167,Sean,Garcia,Owner,sean.garcia@parkersanders.com,0511d8e2-7f8c-460a-a09b-357dd1f652a5,2398b045-436e-40fb-a137-f3f5ba923789,2021-12-18T16:31:49Z
72454ba2-dd06-451c-95df-2b4252a98879,Sue,King,Fleet Manager,sue.king@vaughansullivan.com,78597c79-590a-4896-9e1b-c9ec955d5d87,ee6cb7cb-b72a-4cb8-b3b5-0b0498234514,2022-01-03T10:33:39Z
0fdff20b-7ead-47a8-b176-7c70367fa35e,Curtis,Rocha,IT Analyst,curtis.rocha@baileyllc.com,cdba34f1-df7c-4653-b773-cacc8bc0eb98,5b17ddda-eb4a-4565-a7e7-338ac62ed056,2021-07-08T01:40:50Z
4a7c3a76-88ec-41d6-af41-ca31b7fd418e,Lauren,Lin,Owner,lauren.lin@vegasuarezandwoods.com,1716072b-9821-4088-9f96-3935fa5b0317,ed9925e5-58fd-445a-aaec-300a631e5b40,2021-11-16T04:04:45Z
d8d7bba2-14e1-4fdc-8404-099f82cd6fd0,Susan,Powell,CEO,susan.powell@meyersmurray.com,bad16d08-5a74-4cef-ae66-8a17ec3e112e,670259bb-1d6c-4604-8290-cfb3025fd161,2021-08-22T10:29:21Z
b6fc7919-a8e7-4c4e-b767-5cbf4eb6ed26,Justin,Henry,Manager,justin.henry@moorellc.com,23e16290-0f7e-4826-aa72-8db27e169447,463cb2be-bdd9-4773-ad30-b67ca96439e4,2021-12-27T07:32:49Z
4dd30f0a-2e84-4a96-8210-bf0af1610428,Elizabeth,Kim,Technician,elizabeth.kim@donaldsonplc.com,6009ca72-d691-4d4e-9f69-84252de57bc0,2a1d09e5-c81c-4c21-a97b-d338003a59e1,2021-12-19T23:58:15Z
d8308e98-650f-4336-a6ea-41a8b9c23f98,Adrian,Becker,Operations Manager,adrian.becker@ryanrojas.com,82875934-833b-4212-aa24-68070b11e494,58313d8d-9b47-43c1-99a9-1f30fc56e55e,2022-04-08T16:37:09Z
84422c08-c8e2-4968-95be-087b684f491b,Sharon,Wong,IT Analyst,sharon.wong@owensallen.com,0690af55-ebf2-4dc2-8e7c-ace3bdfe4a97,012c16dc-7a8c-4bb3-9aba-4388bf326eaa,2021-05-11T14:48:27Z
a253bdc8-72f6-4e4e-a65f-7a85afcc1897,Martha,Atkins,Administrative Assistant,martha.atkins@hancockflynn.com,d50ff0a2-e7dd-4e9b-95e5-a216505bb409,5927f9bc-93d2-47b9-9763-ad7aa6a7d980,2021-06-08T10:16:43Z
3949cc00-61fd-41ea-8dcc-41d167d7a2fd,Raymond,Martin,Director of Operations,raymond.martin@raymondjohnson.com,81eeb9b5-823e-4873-b50d-1080775a5e23,f742b00c-ae37-4e11-a45b-7ae6818a48cc,2022-01-03T06:50:36Z
5a98a6ff-067b-4c05-a496-44b166c1821a,Jeremy,Rowe,Technician,jeremy.rowe@jeffersonvillarreal.com,2c9565b4-2f58-4e20-839b-f9a2374c89be,df2e2c6a-0d35-4889-b78b-2e06d350bd95,2021-07-11T07:08:58Z
209d8730-c412-4467-be90-8d0d99bdf7db,Anthony,Perez,CEO,anthony.perez@hardinggroup.com,b690a5bb-27f5-40d2-9f9e-3244a7088449,4e5aabe3-a9ab-4bc9-b68c-945e4f218f0d,2022-01-22T14:49:11Z
29019048-cc18-457d-a95a-de369a13ee96,Robert,Spence,Owner,robert.spence@gibsonplc.com,ddb4d673-7201-439f-af8b-1e223d342d1e,6ebdfe3a-3d7b-46c1-97bf-344f03a68267,2022-04-11T13:59:22Z
7904e0e7-ca56-4cba-8028-1c12c2e6c8d9,Elizabeth,Mcgrath,IT Analyst,elizabeth.mcgrath@taylorcarson.com,83782a39-b756-4a27-a839-f1114df86e34,b6221bfa-ab91-4fdf-b7a4-d0ff70658331,2022-02-26T07:46:40Z
b6dbab1f-b585-4854-9be9-509a090982c4,Valerie,Dennis,IT Director,valerie.dennis@castrorogersandhughes.com,757014b9-62cd-4e45-80b5-2215aa576bea,371d7923-5df9-4f04-857f-fed280da96b3,2021-06-10T03:30:41Z
6adf23d7-a6fa-4768-ab7a-3b2958f385fd,David,Farrell,Manager,david.farrell@palmersinghandbryant.com,9c7ab607-c571-474b-8a5d-153036e284eb,094d6f94-24ac-48c1-bee6-3055f0a63c31,2021-10-17T09:34:31Z
03cba92b-3b85-4ce9-a6cc-412564ffd5da,Denise,Beck,Director of Operations,denise.beck@thompsonpreston.com,340e0a5c-57ea-45c4-aef3-caf5c8fe1434,625618fb-35e6-457f-9ba4-83c0b883ce1c,2021-12-21T15:50:13Z
604d1923-b244-43fc-8865-73c7ee35330a,James,Beck,Operations Manager,james.beck@lowenguyenandcarlson.com,c99c5fe8-adfe-4e8f-911c-64347cfb2fd7,53d254d5-4ade-401d-a409-ce8d2815494b,2022-03-21T04:12:59Z
060c990e-706b-49c2-818b-9a2ee39c1605,Philip,Thomas,Owner,philip.thomas@evanscarterandgreen.com,0190ec8e-3062-40af-be9e-c2b62fa8e81e,ad18cf70-b69f-4b47-b536-94cf0e120314,2021-06-12T19:35:35Z
0644a675-c608-4621-8912-f81514c8c7ad,Henry,Porter,Driver,henry.porter@floresplc.com,74a895f6-d513-4855-8f36-ad7f90a2cd09,afd9363a-88aa-4cb4-bc61-069d30b18c6b,2021-06-30T06:53:55Z
87cdb00b-516c-4e85-8077-2e6f6419eb15,Amy,Hamilton,Owner,amy.hamilton@davisnichols.com,a7122e61-ebe9-4342-9c06-f826881a1cbe,fad87679-d7d4-444d-9f08-b16f2e78f5b6,2022-03-21T11:07:40Z
3708a46a-fd88-4f67-bc90-348bfd069ce1,Nicholas,Morris,Operations Manager,nicholas.morris@morgansimmonsandbush.com,22245c6d-aec3-4eab-b579-897a2526d79d,f6a8ed5b-8d7d-4284-906e-5c7ce9247728,2021-08-10T23:32:47Z
43172bf1-6391-4f24-bacc-7672528a5de3,Jason,Harvey,Administrative Assistant,jason.harvey@millsknightandwilkerson.com,e9b227b7-0478-4ec6-9d6d-db3313cca09a,5e59a3fc-3169-43dc-bb38-eeab659ac178,2022-03-20T11:42:05Z
0320c0b0-45dc-4b7b-a43d-a3672f7dd070,Robert,Gordon,Administrative Assistant,robert.gordon@wardrice.com,a21ae15b-a5fb-4118-bcc3-c3436e628be7,6434b0ad-6ac9-4320-8051-0cc6422bc5db,2022-03-17T04:10:07Z
8339dfb7-6917-43c0-b1a8-d6f68954bf65,Danielle,Livingston,Driver,danielle.livingston@branchharmon.com,f6abd591-8890-4543-acf9-f72e4f2f2747,52387414-e09b-476a-9598-b103fd4e34fb,2022-02-26T20:04:44Z
dcd55e16-26cd-4235-bb55-555ddb965c52,Vincent,Fernandez,IT Analyst,vincent.fernandez@joneshartandmelendez.com,feb35b81-d840-4fdd-80cd-2f157751902a,b92c6baf-0888-4c3d-84d9-4b9dedb356c5,2021-08-30T20:29:23Z
e1a8a2e1-dbab-46b6-aced-93ed4ae84d5e,Michael,Black,Driver,michael.black@princeltd.com,b31c14b8-0975-46c9-a355-378957f4bc58,0f952b6e-d27a-4f83-834e-fbd9bbe63654,2022-04-07T12:29:10Z
40feffa7-7937-4281-8031-d6d8b7bc5933,Mark,Guerra,IT Analyst,mark.guerra@duffygroup.com,4666cdc7-8b98-459e-a829-a168f4302275,2e79fc5e-3ad4-462c-9f72-640ae148ff1e,2022-03-06T09:55:03Z
0f0155bc-373d-4956-804b-875a00fa3ac7,John,Cunningham,Director of Operations,john.cunningham@griffinpowell.com,5642ac62-e903-4229-9b79-bd760feaa131,e5042c07-6aa5-4b8e-b383-d6f1853727ba,2022-03-28T17:22:51Z
1a5177f4-6b21-47ed-b801-90826d67be93,Megan,Shelton,Manager,megan.shelton@youngrose.com,a7aeebb3-813c-4bb3-8a0b-34a261650cad,ab70469f-3051-4073-9211-90e7ad705ca8,2022-04-21T12:21:56Z
4c00aeb9-229c-4e35-be52-a8bf7f7f6178,Jeffrey,Ruiz,Manager,jeffrey.ruiz@scottwhitakerandmills.com,13816bb3-3093-4569-968d-237e80dcd56a,3a28aab8-232d-4d7c-be1d-cb0ef4159eb5,2021-10-10T14:09:58Z
13af6988-d9d6-4ecb-8441-3cc8d3975f78,Edward,Bradford,Manager,edward.bradford@thompsonballardandpalmer.com,837826a0-9646-4587-a30d-597c4dd9aad5,feb454be-39e9-410d-a41c-9747fb380408,2021-10-23T10:09:20Z
b1c32f04-8de4-45b1-8c3d-b5de65cd855d,Karen,Jenkins,Administrative Assistant,karen.jenkins@garciabellandburch.com,628f2401-bb99-467a-9841-dd8348ac6f5d,77acfd19-dbe4-4c34-b82d-bc31baa1ebcb,2021-11-26T02:19:50Z
780a236b-4c91-451a-b67f-f46e344fb1d0,Stephanie,Smith,Driver,stephanie.smith@loveplc.com,d753a30a-fae1-4a7c-98a1-b2adfba29db3,b5f2d529-3262-4277-b947-8bfded30ca10,2021-07-09T04:56:34Z
a805c214-6d8e-41d9-a83f-3875580a6cf2,Kimberly,Roth,Driver,kimberly.roth@parkmooreandlewis.com,370e3732-1d47-4f9e-af5c-604b252d62dd,fd2a9450-05cb-4cee-b62d-e4d61db20f89,2021-09-26T02:45:02Z
88ac81e6-0ad3-4bb8-ad7d-afcc05913791,Gary,Rodriguez,Fleet Manager,gary.rodriguez@simpsonzimmerman.com,f12c763b-9802-4ae4-81a2-7901215921a1,42ed1a0b-4776-480e-b57c-08e04a5e8158,2021-09-04T13:30:57Z
60437fd0-4e55-40e7-a75e-45c03a709ea3,Maurice,Graves,Owner,maurice.graves@waltersllc.com,17ee86bd-4f2b-4d65-babc-aaf9d699484f,854fd0e5-32f0-4b56-a1b0-b2e987d43330,2021-06-09T13:37:09Z
42d22493-f57d-42dc-bdcb-bc8f30b0882b,Bradley,Bright,CEO,bradley.bright@carterltd.com,2ea0b468-3832-4617-bb7a-a96ebc6e783e,0b4d5c4f-4eb9-49f4-802e-c93d7b30ebe6,2022-01-24T21:04:27Z
177bfd89-406c-4e35-b069-31b90d0ec8b6,Rodney,Patel,Administrative Assistant,rodney.patel@holtllc.com,2d3c1384-6281-4267-8c06-7b222aa5a79b,e31b9fda-6163-4726-afa0-80645ab27902,2021-12-11T11:37:48Z
7e46fa53-74ce-420f-9f8a-fcda0a190dc9,Carrie,Mcdaniel,IT Director,carrie.mcdaniel@wiseferrell.com,ad490787-b1a8-49b5-9185-0c9982ee695b,dbd74e1a-9300-44e0-a00f-25dc971c0f7a,2021-12-22T20:23:02Z
a8b9865b-aa95-4048-bbd7-d4c9b9c0df59,Thomas,Weiss,Director of Operations,thomas.weiss@buchananandsons.com,774577fc-3d3b-4674-848d-c70c46d580cf,1f5ea984-d8d7-4f79-9e64-be4ed4b7c2f8,2022-01-29T02:07:23Z
2f10f09d-48d8-428a-a4c9-25e50833b198,Hannah,Lopez,CEO,hannah.lopez@jordanschmitt.com,9f490eca-ce64-45fa-b9ca-57a7db8a0254,b1eb1e47-f32e-4c25-9ae7-bf9e1b80a6c4,2022-01-24T21:23:21Z
e83b6867-c557-41c3-a13c-f3ef9ab4285f,Emily,Lane,Technician,emily.lane@rogersgomez.com,2222bb45-5336-48a6-99ff-8cf360318c3e,1100df02-6933-4844-a849-479dfac4fbad,2021-09-19T19:37:55Z
d1b92fb5-9b46-404c-8cbc-e43090a26a2d,Amy,Stevens,CEO,amy.stevens@clarkallen.com,a3e8b847-0c9a-44a9-8a25-7e08924f8bcd,acc2ef8e-5177-4f0a-86f5-7a9a96f184cd,2021-09-27T22:36:14Z
38d25d39-11c8-4b26-9b9f-ea77b1a92094,Grace,Brown,Administrative Assistant,grace.brown@cohenferguson.com,5754af30-751d-4406-a2fb-54484c3d7783,f98ee8b8-d1c8-4146-81c8-a87056e4e2c4,2022-03-04T19:30:37Z
ac9d93cc-dfea-41a6-88c6-9667846ba321,Jonathan,Weaver,Owner,jonathan.weaver@sanchezconradandroy.com,f7b52afa-f155-4d4f-8f90-f950b2a9c67a,89ade179-1eb9-4750-8c08-d390df35dfb5,2022-01-02T03:29:19Z
64c965de-9f5f-46e2-a568-85ab2502fe27,Samantha,Stone,Owner,samantha.stone@friedmanltd.com,f35be5cb-fe1b-4c2f-a2e2-b832b79d015b,6c3ad2a5-c3b4-4332-ae50-2b0783993724,2021-07-09T05:09:22Z
9e13949b-3c0e-40b2-8715-815c1f55a664,Michael,Esparza,Fleet Manager,michael.esparza@henrycoleman.com,9b77864e-00ea-4525-9469-15e1ee4b3d68,11139083-3369-456c-a6e8-847ed26e7d08,2022-04-03T18:42:07Z
9c75c6de-4598-42bc-ad00-f18d309c25cf,Caitlin,Harper,Administrative Assistant,caitlin.harper@smithmartinezandcrawford.com,23be6247-5789-4242-9d03-6d04f3a2fe83,2bc29e16-4ede-45d6-9d8b-f9dc474253e7,2021-08-19T10:24:55Z
6ebaa625-5133-414c-a32c-e7f8ca3e296c,Elizabeth,Palmer,Technician,elizabeth.palmer@parkernguyenandfrazier.com,491f70cd-5a5d-4213-86d9-1879d183063f,49c06650-7c5b-4354-8770-deaae5947644,2021-07-27T08:14:59Z
b87f7f1a-5eea-44e4-b84b-2f35c349f22a,Christy,Lewis,IT Analyst,christy.lewis@clarkinc.com,3685c39f-0d70-4060-9805-753776aa5097,fc53787c-4e3d-4b63-8366-bf8b6a2c2a41,2021-12-23T18:21:07Z
8419eec2-17c1-487d-8acd-b2438e821951,Isaiah,Ellis,IT Analyst,isaiah.ellis@williamsthompsonandthompson.com,8087af83-b22c-43ef-a7b3-469cf187fd30,9812bfbf-e72b-4c25-85e8-89ff49991507,2022-03-13T09:00:26Z
19bb1466-24a9-44bf-b3d1-ee2f3f6b535b,Tammy,Valdez,IT Director,tammy.valdez@weeksinc.com,080f7b05-50a7-4e5c-a809-49b36c578a10,fc9103dd-e1c8-4e6f-97ad-3faac59b5b4e,2021-07-08T12:46:01Z
b6eda895-793f-410b-a414-0e7bea1737ae,Andrew,Preston,Operations Manager,andrew.preston@frankwhitehead.com,563e1d2c-51bc-42e5-af20-1a0043c6cd43,bff8fe57-2362-4a58-9742-ce78f9594945,2021-07-27T12:04:46Z
c12e6b34-0ea6-47ad-9478-f4a82b16ed08,Colton,Sanchez,Director of Operations,colton.sanchez@gordonplc.com,10996b05-5bc7-4e87-8333-9c14d0027e58,5e3039fd-20b5-4bb0-acab-11ae974067cf,2021-10-24T12:48:52Z
58bc1b69-c4cb-4b64-a350-e9816f5f973b,Jeff,Zuniga,Technician,jeff.zuniga@cannonmeyerandadams.com,c8a8d0aa-5cc7-4813-bb08-d1dcb16b359e,234ac8e0-7f22-4077-b485-9b090915a80c,2021-09-29T20:26:53Z
1d804b03-a2f4-4a4a-92b8-7b5f08afa007,Gary,Farrell,CEO,gary.farrell@meltontownsend.com,5895d26a-e3c7-4bc5-b089-51eedf03a0e6,9a8b8fb7-c4fb-48e9-9360-56ee35160baf,2021-07-02T17:34:04Z
5818ca5a-126b-4310-958f-69f97965061c,Eugene,Miller,Director of Operations,eugene.miller@grayllc.com,b3cfd3a6-bf24-4b12-aba7-0046e326430a,700a10d2-e4c4-4b78-95a6-fda48bcdb7d5,2021-10-03T16:10:46Z
8991be74-7432-4a91-9907-fe88d6b29112,Margaret,Smith,IT Analyst,margaret.smith@hobbsrobinson.com,61edf2cb-6c0e-4b12-a9d7-53d51270bff8,f9e877bd-08fb-483d-a5a4-873baf20407b,2021-10-24T17:41:36Z
2e74c327-edb9-4ecc-8cbe-65a0eb5a4696,Logan,Bautista,Fleet Manager,logan.bautista@smithmack.com,405b17a0-15d9-46eb-bfc1-668db24c8c42,de359f6e-0f4c-4403-b607-156dd12f9354,2021-11-16T14:25:04Z
29b5fd51-be57-451a-b254-aab74585b538,Matthew,Drake,Technician,matthew.drake@barnesgroup.com,2384cc70-9392-4f12-8540-6ec58ef0160b,a498aa3b-378f-41dc-854b-7d5189c52734,2021-07-26T20:34:42Z
1665fe53-ceca-4663-abc4-f84fc456679a,Julie,Smith,Driver,julie.smith@mitchellsantosandmorales.com,70944d40-2599-4f77-bf82-146e42b19dfb,05c47d70-632b-4d24-bdd0-ccd23c1b890a,2021-10-26T06:04:45Z
b660bcef-edbc-419f-b495-64250a744ddf,Thomas,Reed,Owner,thomas.reed@colemankempandhill.com,55c5eea2-a6fe-402c-837d-346871932bbd,92b1a09d-c3c3-45d5-96fe-32a78534954e,2021-04-27T16:10:57Z
3159b2b7-07dd-4e93-9c35-cdb78fda4a66,Valerie,Jones,Fleet Manager,valerie.jones@kingllc.com,3744625e-9456-4da5-a4a1-519c95c9a9a5,5131a122-8362-4e77-99e4-dea0e81d7473,2021-11-27T19:52:52Z
99025041-ca93-45b0-8e0a-3361944aba45,Roberto,Wallace,Owner,roberto.wallace@roselangandblack.com,0482feb5-339c-4e1b-aaee-d7bfcf6d131c,74d7bd1c-9570-448d-b120-12396899648d,2021-09-01T17:08:16Z
793f15f5-e9aa-40ed-b5b7-5ad7bec7eef6,Dave,Parks,Technician,dave.parks@butlerinc.com,ce6be5cf-1e6b-4596-9d6d-81339d970029,c839c819-008a-48c8-b397-c6497f059622,2022-01-31T07:02:19Z
be598bc7-5660-49bd-ac5b-4092f827a635,Teresa,Martin,Fleet Manager,teresa.martin@fisherholt.com,90a2f06e-50a3-43f0-83d0-3c212bb376ff,f2530164-425e-4fb8-b649-581ff4bab73f,2021-05-09T03:39:04Z
898c8b4d-16d9-4b51-bc60-917f218ee387,Kevin,Gonzales,Director of Operations,kevin.gonzales@gouldwebbandarias.com,a318e3fa-2c0e-49e7-b824-b940dc5f6dec,0f35cb26-f0b6-48a2-a436-f5755df6dba3,2021-10-12T20:12:28Z
bb584585-dc89-4ea4-8691-80e6efcf10e0,Sheena,Young,Technician,sheena.young@greengreen.com,2d9ca526-4d73-4c66-8ac0-ed4a50cd67c3,6f6328f0-7515-4fbc-91fd-db52541b8867,2021-10-28T02:41:16Z
27f108f7-749a-4372-a0ca-5792c91e09d9,Yolanda,Anderson,Director of Operations,yolanda.anderson@collinsinc.com,8e681401-775d-4c19-b3a6-9ca5325eb1ac,c1a183d9-2c07-4c76-b507-532e59984303,2022-02-24T09:24:20Z
3e8010f9-49a3-47d4-b687-05315470411f,Sherry,Acevedo,Fleet Manager,sherry.acevedo@gonzalezgreenandcarpenter.com,8d6397a5-b500-4e52-86c1-cd0bc97c0cd9,5f2dd4b5-2262-4f89-93ad-56ac8eaa61d9,2021-10-01T03:43:49Z
b6ae945a-761f-4fbd-889d-a67ed4f77e41,Deborah,Love,Administrative Assistant,deborah.love@ramirezsilva.com,4adbe3cb-b25d-4b0f-b478-08578e6f1cce,337c2f66-e52b-45cc-aee8-2334d62399e9,2021-10-28T20:40:00Z
c8fb740c-5837-4704-bb3f-6e7dd5c0ab1f,Eric,Bennett,IT Analyst,eric.bennett@prestonplc.com,cc330095-efc0-4269-a787-4f3440231b52,f9f0fed0-260c-4e10-aba4-3d0d259740c7,2022-01-07T23:05:26Z
ee17144a-df56-485a-b190-42df3d82f882,Stacy,Todd,Director of Operations,stacy.todd@rodriguezcervantes.com,360c94da-c027-4373-8848-c7adb7d6809d,772378b2-2c4d-4584-bf4a-16c29fbddee6,2021-07-11T19:52:54Z
584df114-bdcc-4990-b085-63efed74b4cb,Brenda,Rose,CEO,brenda.rose@blackwellhaney.com,3c5c2e4d-d5e1-43e2-9372-9fbc00fda77d,82f418c0-030e-4ef5-bb80-8a2cb0f3cb79,2021-08-07T10:02:04Z
e9734ae9-be10-42c2-84d5-d8123fa9104c,Tracie,Grant,Owner,tracie.grant@powellnewtonandlindsey.com,096c89c6-39cd-467a-a03f-a3db8f96843e,b16e5942-730b-4c4f-9e48-020410b12d18,2021-08-11T21:35:56Z
921361b7-bc52-42dc-a65e-8fe8a89c0864,Melissa,Hayes,IT Director,melissa.hayes@richardsinc.com,b8199172-a7b1-4808-9b61-5ce754ba7986,74602ac1-262d-41f7-bb1e-d9c1b9854e81,2021-09-16T05:33:29Z
030f08d0-0835-4d67-b2cc-1f6befe5c473,Nicole,Reyes,Administrative Assistant,nicole.reyes@owenssmithandclark.com,87d06ffe-4713-41e2-9dc1-18edff55b079,b18ffecf-877c-410a-8333-fb5b8da0295d,2021-07-25T17:56:42Z
ddd67f28-2c4e-4141-802a-c28bd336d36a,Cody,Kennedy,Manager,cody.kennedy@mooregroup.com,ea80b8c9-4566-4100-ae27-899b66349210,cc4e19af-11f4-4324-9d1c-1d6b321cc197,2022-04-18T01:39:05Z
8c47d2b6-407f-4ee6-af47-9340c8c38813,Michelle,Perkins,CEO,michelle.perkins@murraycastilloandjones.com,41b81518-7e60-43a9-8aad-48e73e5097ba,fdfdd5c9-0f90-4b4e-953a-c5e7b0942128,2022-01-16T07:11:52Z
f1ed2eed-fa92-43aa-a039-cba6b785908c,Stuart,Garcia,Director of Operations,stuart.garcia@camachollc.com,2c61a823-152d-4c90-aac3-9ecd4113714a,441fa5c8-dcc0-41e5-a085-197374c441ca,2021-10-26T22:03:02Z
4b527987-7fcd-4c14-a7a2-caaa9d78e978,Kimberly,Smith,Manager,kimberly.smith@gibsonandsons.com,673aee63-7544-488b-812a-97516a8e7eb9,5eceef4d-4ff0-4995-92af-f17cbb2caabd,2021-10-25T12:34:05Z
e7cf16c1-e020-445c-8dc4-87500951369e,Sarah,Meyer,Operations Manager,sarah.meyer@vargasnguyenandorr.com,7be5c59e-84de-44a5-9601-1dcd0ccc3594,d3ed85ba-8725-46a8-ac5c-120fdee00fa8,2022-02-11T01:27:24Z
31c43c95-5ba6-45ec-b88d-80b898f64512,Christopher,Petersen,CEO,christopher.petersen@mcmahonandsons.com,9db2ff71-16f9-4b98-b8bc-63af63874f31,14f2ae04-1a6b-4a61-b5ee-22e58a7133c1,2021-06-12T07:10:18Z
0c3ad08c-918a-4f8b-9303-020acaf60615,Elizabeth,Bennett,IT Analyst,elizabeth.bennett@garciagroup.com,54b17896-395b-4f22-8c13-332ec2476d70,a41cc9ac-b255-424b-8a67-1f35023b668f,2022-02-15T13:35:15Z
643b40de-b6ab-44fc-9ebc-77656f7fd140,Denise,Reynolds,Operations Manager,denise.reynolds@garciatorres.com,56cea5b4-a848-4fec-a64d-96549cae3714,56938245-9cf8-4d2f-940d-e2f47f9e4996,2021-11-05T06:23:49Z
2cb5b2f7-ad90-43fe-9097-362201c9fe55,Matthew,Forbes,CEO,matthew.forbes@lunagutierrez.com,6b6fe7d4-1fc8-4680-a5db-91d483df3de6,fadaa834-86ef-4dc1-880e-a3ec0a5a5052,2022-04-09T07:37:06Z
b9b0ef23-f5c1-4015-8ddf-dfc578730e65,Eric,Fisher,IT Analyst,eric.fisher@simonsmithanddalton.com,fa235b1a-c6c1-4608-bdbf-882d2c298fd9,0909e88a-9518-4c4a-a8b5-eccd2ae21f95,2021-09-05T21:53:59Z
30dc0eb9-0f50-447c-afa2-246ed565fe51,Erica,Bryant,Manager,erica.bryant@lanesilvaandwise.com,39d16229-1b7b-4634-b0db-224187f59a3b,89eb7a95-baaf-47b8-8f7a-1bd2a1e951d9,2021-06-25T18:31:27Z
9c54fbff-9e40-4f7d-a25e-43c41f7f4e2a,Carlos,Spears,Operations Manager,carlos.spears@batesplc.com,3237a201-34b7-4c4c-85da-dc2de93583a9,c08f7178-f30c-4d6b-b57b-5cb939459e21,2021-08-16T09:35:35Z
d95792df-52b3-43fb-8101-0761d478dbbc,Andrea,Cohen,Owner,andrea.cohen@logancarpenterandchristian.com,41b986b6-5768-4a9e-b261-dc08c5432c9a,b7f9dbbb-e0b0-42af-8ee4-2fce7c5a1b25,2021-06-12T11:46:13Z
b95325d8-f6a8-4ddb-b421-7f751cfb7ed0,Collin,Hill,Administrative Assistant,collin.hill@payneltd.com,a84930a5-63ab-4d3a-a35c-280079dbcfc1,776bd5e5-86e6-4cfa-8c56-1deb129cc59b,2021-05-27T09:02:56Z
67662c2b-d031-4415-b43c-3500729302f7,David,Kennedy,Fleet Manager,david.kennedy@ibarramann.com,ea4292bd-30f2-4fc4-94cc-9235c1d2db8f,2ff507b5-e751-4918-b679-fef64cf34e69,2021-05-29T23:23:58Z
22283a23-e647-45e1-9d6e-58b57946d4b1,Renee,Walsh,Operations Manager,renee.walsh@jensenmartinezandrogers.com,232ee9a4-8307-48d8-8fe3-64f9aed2349e,3d6d8419-6cb6-42cf-9c3d-420ceb52dceb,2021-08-27T07:12:12Z
0d8d4189-65fd-43b4-b9c7-267e16733cbf,Russell,Freeman,Manager,russell.freeman@levygarcia.com,77de85f6-cb9f-4be9-b1eb-a09e5515682c,34c6ff5c-8224-46a4-93b8-18f0eb8e0088,2022-02-10T18:02:20Z
b8d1b8be-5d8b-46e0-9721-d553e38e4bdb,Michelle,Wright,Driver,michelle.wright@gallegoshall.com,48110f46-b53f-4ceb-aefd-047880684956,446614e6-d89f-4e31-ada7-4193b76a4c29,2021-08-19T12:37:02Z
c86fa50a-4c5d-44d5-9b88-b2e591ee0420,Omar,Cole,Driver,omar.cole@mcbridellc.com,15a016a1-0526-4248-8ccc-b13938281068,988292a8-f684-4b80-aac0-38b2553f6643,2021-05-24T15:42:39Z
e0ceee07-b5b0-4742-b996-29a73b4555a4,Elizabeth,Hayes,Driver,elizabeth.hayes@alvarezlittle.com,378c6aff-60f6-4270-9631-ee827ad5ee9d,ce1a1fd8-df14-4cac-b256-d1a99e250b97,2021-05-14T15:24:40Z
a688196c-1c51-48d5-bfbc-fc3b3c071afe,Melanie,Harding,IT Director,melanie.harding@floreshughesandmack.com,784e5ea2-dea0-412f-b31b-7678d65c480c,b395e9bd-7eb4-478b-88d6-5fff01e9840d,2021-06-23T08:50:02Z
bd872fd6-32e2-4fdd-bbe8-9416eb71b783,Andrea,Little,Technician,andrea.little@petersllc.com,2139ff6c-0d4e-467c-848a-55e967bdf127,97cadd28-fe93-4e7d-97e4-3b27ff4d6c2c,2021-12-28T02:48:14Z
2d52c031-3b0c-444f-aaa0-560e2429a864,Jacob,Fisher,IT Director,jacob.fisher@stevensonpatrickandmontes.com,b90fe5cd-5237-44ff-b16e-5f686c0512f1,6ee62c9c-57f9-4084-b34c-fe7d47837d12,2021-11-14T10:28:21Z
e013206c-69dd-49ba-aff2-737f16930a15,Randall,Simmons,CEO,randall.simmons@cannonhigginsandbell.com,d58c5807-c02b-4201-bb30-368f915d2067,8288f6fb-07b1-4a13-ba5d-57ba5abacdde,2022-03-07T02:56:33Z
38008eb1-e876-4ca6-85a0-86bad815f8f8,Patricia,Rodriguez,Director of Operations,patricia.rodriguez@robertsonllc.com,9571d11e-990c-4053-b99b-2775ffc57cff,86d9d5a8-e542-4329-92d3-e9ec4680445a,2021-07-19T20:21:42Z
130f3813-994e-4f40-9505-083c3090f450,Kevin,Obrien,CEO,kevin.obrien@cooperllc.com,fe460fdf-5ec1-43fe-9dd1-389b7b9fe06f,18249b94-f08e-4c63-9fe0-55d0fd8154dc,2021-11-07T07:11:29Z
c617e496-6dcc-4073-9769-729397db8eb2,Angela,Cisneros,Owner,angela.cisneros@aguilarinc.com,4e8544a4-c4fc-4cbd-9440-c5c7616bbd9b,dc4034df-27f0-4896-b16b-4c3d567ad444,2022-02-15T01:45:26Z
18105cfe-d7fd-4b66-b58d-5fecf1fdfcc1,Katie,Nash,Director of Operations,katie.nash@smithmcgrath.com,feebfa2d-da40-4fba-a84d-fa3ab8d88d4c,d51d85f8-97f6-4364-9feb-2859f57d9e51,2022-01-12T08:27:39Z
b10074cb-2868-44cf-bd8a-814930633445,Linda,Brock,Fleet Manager,linda.brock@robinsonllc.com,6f1c5f50-145a-43f4-9ed9-627e065617a0,dc6d8b31-0ba0-47cc-9654-803e7f1a7256,2021-05-29T21:45:39Z
c6209efe-c9a9-4613-a23f-31f9e94febbc,Jeffrey,Williams,CEO,jeffrey.williams@myersbrownandarmstrong.com,d542c783-ac56-486e-b896-740d4d8cc1a7,c37f3016-8721-40e5-b609-567cd9d21ee3,2022-02-13T06:30:32Z
6dcb5306-d195-4bc3-a3bb-0070a3bb5545,Crystal,Parker,Fleet Manager,crystal.parker@blakejonesandbell.com,50edd306-8d8b-4eb9-9c8d-41a788abdee5,a129af64-517c-4b1e-a58f-a01729c5c7dd,2021-12-03T15:20:23Z
282a252f-25c4-4370-ba77-acf46df1d61c,Richard,Ramsey,Administrative Assistant,richard.ramsey@hansengreen.com,e741dba1-008e-4d1f-88ea-54bfcfb03b8e,c04b9d8a-abf8-4e66-b979-055964ee300f,2021-08-03T02:39:14Z
382bea12-2c83-4505-b7ac-163bd2b8d6de,Curtis,Chavez,Manager,curtis.chavez@salazartaylor.com,02f844b5-fbf4-47a3-9f21-a1c21b75745b,42b1512c-f796-41a4-b7bb-76032f60a3d5,2021-09-01T15:06:48Z
eb196145-b80a-4955-a3e9-0a00918bc28b,Linda,Larson,Fleet Manager,linda.larson@wadeltd.com,c6730e61-e9f5-4d5a-ba80-e1204f815e4c,a85ef0d6-0123-41a8-ac87-6208b7bfb8ca,2022-03-05T07:12:13Z
3c22e3ca-a7c2-42db-b173-cfa2aedd4825,Elizabeth,Taylor,IT Analyst,elizabeth.taylor@martinsteinandjones.com,be6e7f7f-18b6-43fe-97b9-e91327b740a8,bd04c353-5310-4fb7-b73e-298028bebf48,2022-03-02T08:46:38Z
3e4d1432-1d49-42cd-92d3-b004ce43ed0f,Kenneth,Hayes,Manager,kenneth.hayes@johnsonreyesandschroeder.com,a4c57f05-c84c-40a2-a47b-e82ebab8bd7c,ecb573c6-b88d-448a-a739-995ea91b3e5a,2021-08-10T08:15:05Z
1599055c-fe09-4b26-ba2e-fe95d5558637,Jennifer,Hill,Driver,jennifer.hill@castrogallegosandmccarty.com,1f3b8165-b2fb-4a28-81d6-90260884437c,6614a4fe-784e-4017-837c-627cac883279,2021-12-07T05:44:59Z
324e955e-14bf-4cdc-a849-8292f9d0cb8c,Kristin,Davis,Technician,kristin.davis@hernandezreid.com,8dcfbfec-1667-4c8a-bd67-a037a50e7fba,b819b826-5c21-4f0f-b6f9-ff76ade0f5aa,2021-11-19T14:02:10Z
14d52735-4974-463f-be6b-3a5fe2bd8adf,Anthony,Harris,IT Analyst,anthony.harris@bennettcline.com,789a9231-ff5d-477f-ab52-2dc32edb8d39,14571573-ad10-4e31-a252-f9ee3e396a52,2021-10-31T06:07:13Z
393eec61-5d47-41fb-a131-8fe5e9a33f4f,Jeffrey,Peck,Driver,jeffrey.peck@harrisplc.com,539f4927-e5f6-47c1-ba86-53a3666d94a2,81302e6d-b3f0-4452-b890-826c96fc0725,2022-01-06T19:33:01Z
b964a17f-d7aa-40c8-a14f-5757afc8bd16,Dylan,Gay,Driver,dylan.gay@rojassmith.com,f3471e45-bb67-4c5a-94a6-be17e073df6f,b8ffda3b-750f-4a13-a3ee-987cf0f05bb5,2022-01-22T04:55:23Z
958bb762-3b4b-4609-bea5-75a4e1160729,Mario,Conley,Manager,mario.conley@christensenallen.com,ec0ee5cf-dc6d-42f3-a230-ae281c9f8d93,cc69d1e3-87a4-453c-9941-3dee63eca90f,2021-12-23T01:05:55Z
47f1f8fd-d73c-44af-aaab-58418a34f602,Melissa,Delgado,Director of Operations,melissa.delgado@cunninghamltd.com,d675cc7a-6f57-4e0d-a7bf-d66171fb1085,81f67ec7-d74f-4743-a324-e34af26e1414,2021-10-21T00:23:09Z
c9e91167-796d-4255-8d79-a52315b6bd8e,Teresa,Orr,Director of Operations,teresa.orr@aligutierrez.com,fd835b51-a54a-426a-958f-af7d37ffe725,5442c984-00c4-4792-ad0f-df2662e14b7d,2021-12-02T15:19:32Z
76caf993-30d3-4952-b713-cb103da965d4,Pamela,May,IT Analyst,pamela.may@millerblackandthomas.com,984f2306-f013-4e4e-a9c0-e5e2f6a7816e,6924dd46-ff37-43ad-a050-93e817e7a724,2021-11-16T03:41:14Z
22cabce0-f15a-49b2-887d-ef650bb501e9,Jorge,Smith,Driver,jorge.smith@mooreharrison.com,09008f23-bf72-44de-84e2-341d685e053d,d974b6db-87d9-4518-af15-5148b789a019,2021-07-11T09:36:09Z
75b89a2c-c875-4f83-be13-90e2522eecfa,Jeremy,Fields,IT Analyst,jeremy.fields@woodandsons.com,baee44c6-72c6-4307-8398-95d09ca2bfe8,e341628b-8c46-44e7-aa57-1aa352ba8ea2,2021-11-03T02:28:15Z
adc5ed94-941d-4412-be61-b1d61ff5368a,Sarah,Leon,Operations Manager,sarah.leon@jonesgarcia.com,fd2eefcd-a1d2-4471-8f76-c06bf96d9367,411eb38c-9a0f-4ad5-b24e-f91b6842dc02,2021-06-07T02:18:44Z
8a0ebc7f-9b46-483d-b2c4-c8b8c07415ab,John,Lee,Administrative Assistant,john.lee@smithltd.com,c701efbd-9f34-499f-92ca-38ce2e54f62c,c004b7fa-0d95-425c-8e17-d8e0e222c606,2021-06-22T22:23:12Z
ff137869-260b-4c12-bf6b-82b836548fa2,Lisa,Hall,Driver,lisa.hall@andersonday.com,255611dc-7e24-49ff-bf49-7f27b57341c7,4bb8efa1-e223-497a-8be4-e786fea1a0a7,2022-04-11T23:08:19Z
f3e22f46-a180-4a49-88af-c792b3ae3fca,Annette,Potter,Administrative Assistant,annette.potter@shafferthompsonandgonzalez.com,787e2b4b-277a-4037-a90c-b75820d42361,b15cb102-30de-4499-97c6-4df0236835c3,2021-06-05T14:38:09Z
48ef39ab-9d1a-4aa6-9b1b-f086f88998df,Charles,Stanley,IT Analyst,charles.stanley@shawinc.com,5008aba7-5e64-46d2-8195-c68788aca2a0,01c2ee93-9ab7-43f2-a3c6-7b247d6dd2b4,2022-04-02T10:10:07Z
196b706a-19a8-4e49-a8f6-6469878ad2a3,Travis,Rowland,Driver,travis.rowland@milesgreenandestrada.com,0d47ccc8-0141-497f-bc2b-ac176e9192bf,97fe599c-1bec-4bfd-a882-a895a427fdd2,2021-10-29T11:02:03Z
13f2d669-69d6-44e2-8b4e-505a60ff7ffd,Emily,Martin,Technician,emily.martin@briggsgroup.com,0ebd50c1-2885-45e2-8a08-5b310bd9628f,44cf585c-89c0-4534-8316-46f35d4a3000,2021-05-12T06:26:42Z
938da7e9-e498-40d5-ae0b-9ecf3643a054,Susan,Rhodes,IT Director,susan.rhodes@smithlucasandporter.com,cef56183-3915-4054-9e92-de8226c39fc8,457461e7-528f-4d66-aac2-76bdef02c69f,2021-05-25T04:04:39Z
931402ee-7450-4701-b7b2-8d0cd3f086c8,Jenna,Richards,Administrative Assistant,jenna.richards@andrewsharrisandscott.com,050f700a-06c2-45fb-b023-b2e43d95b42b,dc7c7c4a-f33c-4cce-bf15-c8ab1e6cf389,2022-04-09T17:55:39Z
eba4c252-bbbd-4206-ba33-0e70b16c385d,Jamie,Ellis,CEO,jamie.ellis@owenshansonandyoung.com,21357fea-b535-47c6-94b6-8202c0406019,4acac8ee-da42-41f5-9003-4e65a81c4e2d,2022-04-11T10:58:21Z
d3fb8ce5-18b5-4c03-b51a-ca4a57218fc2,Zachary,King,IT Director,zachary.king@jacksonltd.com,af224c96-fa76-4451-b92c-2b85ca9415b8,5992e1a5-98dd-414a-b76e-728efe17a092,2021-12-05T01:42:31Z
71d6a96f-4cc5-4c2c-8edf-2555c42d0063,John,Phillips,Director of Operations,john.phillips@richardsmarquez.com,80b74192-b8c0-4fb2-9ebd-8372b8ff04f7,c2044fad-2cab-4382-a6e5-9a2d5de98b24,2021-08-10T09:10:46Z
22473028-0ab5-476e-aba5-96ee7e407f4c,Pamela,Miller,Manager,pamela.miller@hannahill.com,5f96259a-6664-40e2-8469-f553a457a0d2,7fe739e8-08ab-41a4-ba4b-074d528376ed,2021-06-11T19:46:41Z
8af31100-4d8c-4a9a-a1eb-eecd9c3f9d2b,Jonathan,Nelson,IT Director,jonathan.nelson@phillipsltd.com,328deb02-f40a-43f3-b2fc-0948067d93ad,e74806ce-6eba-4b1a-8e69-b7c1ed8ae781,2021-08-01T15:41:31Z
d641be79-c1ca-4b6d-b932-9b92d18b3b60,Christopher,Norris,Technician,christopher.norris@kennedyllc.com,6b53b3a8-1c96-47b2-8ad4-9fd59253009a,fc6e7def-4c37-42e4-b056-5709a1507bb2,2022-03-12T13:20:18Z
95eab29e-19f8-47e0-bf09-3722ea66fd69,Andrew,Wolfe,Driver,andrew.wolfe@morrismillerandwhitaker.com,bcfeca55-075e-460d-b5df-3eb3906f19e4,c9c57347-749b-4815-b3b9-fb5b0aae5dc2,2021-10-22T17:46:07Z
f38fa7f4-b558-4436-ab55-86cf554daf79,Scott,Richardson,Fleet Manager,scott.richardson@conwaychapmanandharrington.com,c53e8ef0-0654-422b-866a-81a774d874ea,1cafe13f-ea0b-46d1-a8ea-a7b1dae8a66e,2021-12-29T22:09:00Z
d30ecbc8-0cbc-40dd-8d50-d4c4967eb2a4,James,Murray,Director of Operations,james.murray@sheppardroberts.com,27e2c538-3c08-4c31-8782-b17bc86b2961,19721c1b-c36c-404d-9e46-923ace965b6a,2021-07-18T03:10:25Z
2317628e-f715-476e-9708-6e1cefdb8032,Nathan,Thompson,IT Director,nathan.thompson@danielsgrayandwright.com,51120ccb-adae-4686-8a54-a40b6af2fa53,d7781b06-47ac-46aa-b5bb-592d03d8895a,2021-05-13T10:44:39Z
db29ed83-35c7-4adc-8a65-829d0b465bf9,Mary,Mercer,Director of Operations,mary.mercer@hensleyandsons.com,62f7a3b9-1089-472a-b093-a690f37d6a60,bd2d0851-ac5c-459d-9ee6-506be2e3df4e,2021-09-02T20:50:07Z
2e83b1fa-1aae-4b9b-a327-0a0f5b1c1689,Joshua,Ingram,Owner,joshua.ingram@conwayplc.com,df257f79-6557-4e13-b429-a1203599b825,2ac6ca38-1bc6-4b24-9319-fe08ea2fc0f9,2021-04-28T13:28:58Z
6e4301a4-8843-4249-bc8a-d96e4f82eb5a,Susan,Clark,Director of Operations,susan.clark@bradymadden.com,2f222d2d-fc3d-41c3-b541-862f093deea8,736007e0-9bbf-425d-9a5d-9c6b8ad006bd,2022-01-08T23:51:08Z
ef3c5b1a-d5b7-4b1e-9bbc-1dc08a570436,Kenneth,Taylor,Owner,kenneth.taylor@shannonllc.com,0a288fa8-7c82-4904-8016-d66c7b720232,18dd97c2-49aa-4ff8-b567-0b91a5ea45e1,2021-10-24T00:59:40Z
8a8fc2d5-b8ab-452c-9450-cc554c83b6ba,Jennifer,Daniels,CEO,jennifer.daniels@jimenezflemingandturner.com,6228206b-bbe5-4ac6-8b89-4662492ac741,86503cdd-1f61-4875-89ee-23a3e535ab2e,2022-01-03T05:37:23Z
efdd954a-8130-4ff0-a6e9-a0011dc56712,Andrea,Robles,Operations Manager,andrea.robles@moralesbrown.com,4e0c8916-d470-4c27-be50-76bdfa169d0b,ae84c5ae-af36-4273-9b3c-7a8db6dbbe3b,2021-07-12T00:20:53Z
4f1c7e7f-0026-4876-9a5a-ef84fc95a901,Christopher,Ellis,Manager,christopher.ellis@williamsbrownandhardin.com,4200459e-686e-40c9-961a-eae297a6ae33,d67042ef-2752-4a51-b264-1d5276cad2c5,2021-08-29T17:42:41Z
a5f8ae51-139c-412b-9f64-b4a893ca3ddb,Kyle,Stephens,Technician,kyle.stephens@clarkplc.com,b55b99c6-485a-4d9b-8bde-9e27d0f53fa0,24d13301-a5c8-4bfd-bf10-0432843b85e8,2022-03-13T07:11:16Z
54c2dd1b-20ca-4f04-968d-3f5e490c98ab,Douglas,Carrillo,Director of Operations,douglas.carrillo@osborneandsons.com,98549129-442b-4d4c-a211-c092665530f7,2838e20f-f2a6-401f-afbd-35532157c969,2021-10-28T11:16:48Z
20b7918d-9524-49af-97a3-c5730a105da2,Bill,Roach,Manager,bill.roach@poncedavisandlee.com,7f6fd9f0-d22f-48ef-b99d-3c908b92f811,45fec85d-560a-4cea-8cbc-6865cec40522,2021-05-30T15:58:46Z
bb365591-4a0c-4fd5-96b4-9fdc6c0188e0,Tanya,Thomas,Fleet Manager,tanya.thomas@batesgreen.com,f1f35d5d-4671-4822-8deb-90d4e3305438,d0e1778e-20e6-41f2-a426-58f7d6c11b10,2021-07-07T06:16:26Z
dd8e2107-1eb4-4aeb-99f6-d18f828a378c,Timothy,Middleton,IT Analyst,timothy.middleton@carrillomorgan.com,d6e5b4f4-0117-42f2-9a4a-72ed0d650035,1ffbff5f-c241-4950-8671-4bf14ff963ba,2021-09-02T23:49:51Z
92325478-887e-4647-8942-5f139f4eef8b,Zachary,Roy,Manager,zachary.roy@kennedyweaver.com,39125010-870c-4016-bb13-052477bcf8da,84780bba-8c1c-4bcf-887d-109511b79a12,2022-02-10T13:53:07Z
fa8d2ea1-66a0-4bff-8680-1e85818f0b4f,Charles,Chan,Manager,charles.chan@gibsonlamb.com,09138d9c-8867-4348-a015-641963242c4a,32c5e6fa-8e8f-483b-9c71-5f58f8b8236a,2021-05-30T02:16:10Z
60474f70-97a8-49db-bb9e-d66dc550b32f,Renee,Alvarado,Operations Manager,renee.alvarado@trujillopowellandblair.com,ef80b04b-3959-4b58-b732-e80020266093,07fbf7e5-0d6f-4657-9121-718329d2ae5b,2021-12-26T09:13:22Z
5a9e9a0f-f5a5-4c79-be89-516b262619f7,Jennifer,Brown,Technician,jennifer.brown@simmonsllc.com,97886fb8-8ac4-4389-891a-7489d452d2b6,ce487c0a-bc2d-48d3-ba2e-5113ce2f9c33,2022-03-17T23:08:31Z
162a9cad-28c2-4b05-962e-85a33c4fb5c5,Samantha,Wilkins,Director of Operations,samantha.wilkins@hermanpeterson.com,d79cce42-ca91-4331-9fcd-463ac1dedd33,4d35f2fa-6a92-47a2-b234-cb6d7a7c1f48,2021-07-07T22:53:55Z
dfe82912-9ecf-4c48-a69f-aa868d13ffae,April,Torres,CEO,april.torres@bowenpatel.com,4ee0086b-ce5d-4205-8cfd-6cdb96c75648,d11aeeb9-b0c9-4200-b854-c9c762f0ecc5,2022-03-13T18:52:46Z
4f4c43e0-5563-4220-b0e9-b1b8ad011b49,David,King,Owner,david.king@turnerguzman.com,6d269dd9-f23a-425f-8211-2467ee6da62c,c12d05f4-31ec-41ad-90ae-0b461e0c45aa,2022-02-22T20:47:17Z
dc89db7f-44d6-486c-b17f-6140dbe3f134,Michelle,Harris,IT Director,michelle.harris@johnsonandsons.com,827e3ee7-1501-4264-8c91-c6bbbb31afe1,feea8cfb-3554-458d-8e4d-497339a0b14f,2022-04-05T17:50:46Z
d7beddd5-540c-4abb-b46c-4d03a5a76725,Crystal,Reynolds,Technician,crystal.reynolds@colewrightandguzman.com,9d8c3aa5-b504-4f65-a4e1-1c14866956f5,a3bbd3e0-3b8b-4da9-8c65-44af0265109f,2021-10-05T21:36:06Z
c8f3c1f4-626c-4f88-aae7-6f63b6153aad,Gina,Berg,Owner,gina.berg@shortholland.com,0e955bc3-01cc-474a-9bbb-d1a3527b41db,7e15ed89-b562-4cbf-bb32-708eeb56d58a,2021-04-28T06:10:27Z
64c44764-ab10-416a-8001-c9c3ea468653,Jason,Morris,Owner,jason.morris@jonesgoodmanandcarroll.com,f39f82d8-8488-4a71-9b59-42f9c424e16d,ff422a3f-3122-469b-bc7d-3ff43ecc0a75,2022-03-11T07:41:30Z
27287e7b-290f-45c7-b610-8e0d17baaf3c,Brianna,Petty,Manager,brianna.petty@scottinc.com,3cefcf6c-4f01-468f-9667-cde140374703,742b196c-f5b7-4576-a5d0-41fc321de564,2021-09-27T02:13:17Z
d4fbab9e-6eaf-4061-ba8d-2d5f886b3196,Bobby,Snyder,IT Director,bobby.snyder@hessfrye.com,43b5bef6-8584-4e15-a082-aac4d1525222,2c4cddc0-96cb-4286-9115-10ee249e22d5,2021-06-19T22:48:03Z
c0cc07d7-e565-4225-8c86-a059a449e199,John,Young,IT Director,john.young@kennedysmith.com,cf3ddbfb-00a0-49cc-904d-15abf52f7c75,4eda959e-2949-4453-87f1-0b42bed7698e,2021-08-04T05:41:55Z
16027af3-89db-43bd-ae4d-3ee5d05c563c,David,Coffey,CEO,david.coffey@kennedymartin.com,531f9dd5-8ecd-4641-8a75-1ea2b267d410,7367e33a-9be8-41c5-b141-18dfb01458f0,2022-03-26T16:23:48Z
9bfee11d-6398-428b-b2a4-6ad8b5d959e2,Jennifer,Gilmore,Owner,jennifer.gilmore@jordanbassandstrickland.com,f4052137-b8cf-4c32-a819-49bb8877e25d,e1b41c2f-cdcc-49e9-afdb-f3e65d058add,2021-10-16T06:29:56Z
